searchstring	count	is_fixed	fixed	productcount	predicted_productcount
Кисть из волса козы	1	True	кисть из ворса козы	0	0
Джерджи армани	2	True	джерджи armani	0	0
Крем для лица ночно	1	True	крем для лица ночной	30	29
Ciare	1	True	care	0	11
Диор эдикт	3	True	dior эдикт	0	0
Тушь лумене	5	True	тушь lumene	0	13
пако рабан олимпия	1	True	paco рабан олимпия	0	0
Твердыней шампунь	1	True	твердый шампунь	0	17
кельвин klein эйфория духи	1	True	calvin klein эйфория духи	0	0
Шанэль духи	1	True	chanel духи	0	0
chanal	2	True	chanel	0	0
Dr.jart microfoam	1	True	dr.jart micro foam	0	2
Nix lip	1	True	nyx lip	17	17
seche vite	1	True	seche white	0	0
suav	1	True	suave	0	1
Door capture totale dream skin	1	True	door capture totale dreamskin	0	0
помада пупа	4	True	помада pupa	30	29
Noni care	4	True	nonicare	0	23
Наличие крема люмине базис блу в магазине	1	True	наличие крема люмине базис blue в магазине	0	0
Сладкые духи	1	True	сладкие духи	30	30
Туш chanel	3	True	touch chanel	0	0
Маска от прыщец	1	True	маска от прыщей	0	7
Benefi	3	True	benefit	0	2
Набор косметик	2	True	набор cosmetic	6	0
SABOVIVIENNE	1	True	sabo vivienne	0	29
мега	1	True	mega	13	30
Блёс	2	True	блеск	0	28
Гельлак	1	True	гель лак	30	26
Fl	2	True	fly	17	17
gucii flora	1	True	gucci flora	0	0
PAC RABANNE OLYMPEA	1	True	paco rabanne olympea	3	5
Loreal дерма генезис	3	True	loreal derma генезис	0	0
Мэри ми	1	True	мэри me	0	0
Идилия парфюмерн	1	True	идилия парфюмерная	0	0
Биотерм	10	True	biotherm	30	28
Chanel серум	1	True	chanel serum	0	0
Резинки для аолос	3	True	резинки для волос	0	15
каролина ерера	1	True	carolina эррера	25	0
Эфория	4	True	эйфория	0	10
Сальвадор Дали голубая логуна	1	True	сальвадор дали голубая лагуна	0	0
Rimmel lastin	1	True	rimmel lasting	0	7
Молина	2	True	малина	0	30
Лореал блеск для губн	1	True	loreal блеск для губ	0	12
La prairie cellular 3 minute	1	True	la prairie cellular 3-minute	0	0
Кансилер	7	True	консилер	30	27
Bb крем холика холика	1	True	bb крем holika holika	0	0
дживанши плей	5	True	givenchy play	0	0
Maschino pink	1	True	moschino pink	0	1
Супернова	1	True	supernova	0	0
Пако рабанне	2	True	paco rabanne	25	24
парфюм левый берег	1	True	parfum левый берег	0	0
Acqua di gioa	2	True	acqua di gioia	0	4
Краски лореаль	2	True	краски l'oreal	10	0
Парфюмерная мужска	1	True	парфюмерная мужская	30	30
офвщку	1	True	jadore	0	16
YDL	1	True	ysl	17	17
Chaharel	1	True	cacharel	0	8
Тональный крем том форм	1	True	тональный крем tom форм	1	1
Floverbomb	1	True	flowerbomb	0	5
Ultramatte	4	True	ultra matte	0	5
oskar de laurent	1	True	oscar de laurent	0	0
Энви ми	3	True	envy me	0	17
Chanel lecrayon	1	True	chanel le crayon	0	0
Фор ши	1	True	for ши	17	17
loreall	1	True	loreal	0	29
ectee	1	True	estee	0	30
Тру	1	True	true	17	22
Nyx лондон	2	True	nyx london	0	14
Moto bene	1	True	molto bene	0	12
Amir amor	2	True	amor amor	0	0
герлен жики духи	1	True	guerlain жидкие духи	0	0
Burbarry	12	True	burberry	0	0
essance	1	True	essence	0	29
Кензо одеколон	1	True	kenzo одеколон	0	0
фкеупщ	1	True	artego	0	0
Lodeal	1	True	loreal	0	29
cartier declarati	1	True	cartier declaration	0	0
Linerr feuter	2	True	liner feuter	0	0
Парфюм блек опиум	1	True	parfum black опиум	0	0
Луна нина	1	True	luna nina	2	6
Invisibl	2	True	invisible	0	17
аква бургари	1	True	aqua бургари	30	0
Teazzura	1	True	teazzurra	0	1
Лля интимной гигиены	1	True	для интимной гигиены	3	3
biotherm aqua source	1	True	biotherm aquasource	0	18
Босс тоник	2	True	boss тоник	30	0
la в и эсте э бель	1	True	la в и estee э belle	0	0
rouge Alevres	1	True	rouge a levres	0	1
солнц	1	True	солнца	30	30
Чанел	2	True	chanel	0	0
Sven	2	True	seven	0	1
Спонж мейбелин	2	True	спонж maybelline	3	0
Килиан мужск	1	True	kilian мужской	0	0
Clarind	1	True	clarins	0	12
la praire parfum	1	True	la prairie parfum	0	0
Issey miuake	1	True	issey miyake	0	18
Serhe	1	True	serge	0	29
Мен 212	2	True	men 212	17	17
Ласьон для тела	2	True	лосьон для тела	0	29
Mabelline хайлайтер	1	True	maybelline хайлайтер	0	6
Canali	4	False	Canali	0	0
Shiseido AEE	2	False	Shiseido AEE	14	14
nina ricci florale	1	False	nina ricci florale	0	0
палетка дя глаз	1	False	палетка дя глаз	26	26
Annick	3	False	Annick	0	0
Ахалпожа	1	False	Ахалпожа	0	0
Блеск для губ eva mosaic	2	False	Блеск для губ eva mosaic	18	18
PUPA Тушь для ресниц водостойкая VAMP! MASCARA WATERPROOF	1	False	PUPA Тушь для ресниц водостойкая VAMP! MASCARA WATERPROOF	0	0
Loreal bronze	3	False	Loreal bronze	3	3
Sisley лосьон	2	False	Sisley лосьон	13	13
ardeko	1	False	ardeko	0	0
Тон для лица	1	False	Тон для лица	27	27
Духи s	1	False	Духи s	27	27
Alure Home	1	False	Alure Home	0	0
Essay	1	False	Essay	0	0
Основа для лица	1	False	Основа для лица	30	30
Molekul N1	1	False	Molekul N1	0	0
Спрей dior	2	False	Спрей dior	10	10
Guess Seductive Homme Blue	1	False	Guess Seductive Homme Blue	0	0
Масло бея	1	False	Масло бея	28	28
помада 12 часов	1	False	помада 12 часов	10	10
Палетка Nude look	2	False	Палетка Nude look	1	1
Amber and Roses	1	False	Amber and Roses	0	0
fucking	2	False	fucking	0	0
Estee lauder тональные средства	1	False	Estee lauder тональные средства	4	4
Серия Givenchy Girl	1	False	Серия Givenchy Girl	0	0
NYX professional makeup soft matte lip creamy	3	False	NYX professional makeup soft matte lip creamy	0	0
Yves Rocher Magnolia	1	False	Yves Rocher Magnolia	0	0
MAGIC CONCEALER	1	False	MAGIC CONCEALER	0	0
Тойтбел	1	False	Тойтбел	0	0
Before midnight	4	False	Before midnight	0	0
Suede Cream	2	False	Suede Cream	8	8
Big ache	1	False	Big ache	0	0
Colirista	1	False	Colirista	0	0
lisa	1	False	lisa	0	0
black caviar	1	False	black caviar	0	0
Loews	1	False	Loews	0	0
Mac chili	5	False	Mac chili	2	2
Parfums genty like	1	False	Parfums genty like	0	0
lumine вокруг	1	False	lumine вокруг	10	10
Антивозрастная Косметика для лица	1	False	Антивозрастная Косметика для лица	0	0
Dior туалетная вода мужская	1	False	Dior туалетная вода мужская	2	2
Laneige	9	False	Laneige	0	0
Colorfast	1	False	Colorfast	0	0
Крема для лица наборы	1	False	Крема для лица наборы	27	27
BB 3 estee	1	False	BB 3 estee	30	30
eos бальзам	1	False	eos бальзам	29	29
aqua di parma colonia	2	False	aqua di parma colonia	18	18
Lancôme boxing	1	False	Lancôme boxing	0	0
shiseido synchro skin glow	13	False	shiseido synchro skin glow	1	1
clinique чувствительной кожи	1	False	clinique чувствительной кожи	14	14
Luxvisage Perfect Color	1	False	Luxvisage Perfect Color	0	0
Lancome odazur	1	False	Lancome odazur	0	0
Духи brilliant	4	False	Духи brilliant	0	0
Amber absolute	2	False	Amber absolute	0	0
Firming body	1	False	Firming body	8	8
Molecule 08	1	False	Molecule 08	5	5
Набор помад nyx	3	False	Набор помад nyx	28	28
ysl cheek & lip	1	False	ysl cheek & lip	10	10
Caron Aimez moi	1	False	Caron Aimez moi	0	0
Антивозрастные крема	2	False	Антивозрастные крема	10	10
maxx	5	False	maxx	0	0
kenzo l eau intense	3	False	kenzo l eau intense	3	3
Barba italiano	2	False	Barba italiano	0	0
tesey	1	False	tesey	0	0
Shiseido lucency	1	False	Shiseido lucency	0	0
Max Factor Masterpiece Max high	1	False	Max Factor Masterpiece Max high	1	1
Diorskin nude air glow powder	1	False	Diorskin nude air glow powder	0	0
l’ oréal colorista	9	False	l’ oréal colorista	9	9
smashbox photo finish	13	False	smashbox photo finish	30	30
Memo	106	False	Memo	0	0
Est-elle	2	False	Est-elle	0	0
aqua де fleur	1	False	aqua де fleur	30	30
Маска для волос fructis	1	False	Маска для волос fructis	8	8
икры oval	1	False	икры oval	0	0
Molto	12	False	Molto	12	12
Мужская туалетная вода Voss	1	False	Мужская туалетная вода Voss	0	0
Frank bogner	1	False	Frank bogner	0	0
Flannel	1	False	Flannel	0	0
aveeno	1	False	aveeno	0	0
Маска для лица с муцином улитки	1	False	Маска для лица с муцином улитки	2	2
chocolate mat	1	False	chocolate mat	1	1
Vivienne Westwood Boudoir	3	False	Vivienne Westwood Boudoir	0	0
Bruno banana	9	False	Bruno banana	0	0
Paw paw	33	False	Paw paw	17	17
pore refining solution	2	False	pore refining solution	0	0
Brow Tech To Go	1	False	Brow Tech To Go	3	3
Love is belle	1	False	Love is belle	0	0
bvlgari splendida	1	False	bvlgari splendida	0	0
sensai карандаш	1	False	sensai карандаш	4	4
TM zoeva	1	False	TM zoeva	0	0
Stay in place	3	False	Stay in place	8	8
Черный дракон	1	False	Черный дракон	1	1
Back to	2	False	Back to	2	2
Для автозагара	4	False	Для автозагара	30	30
Hermes сады нила	2	False	Hermes сады нила	0	0
туалетная вода chanel шанс	1	False	туалетная вода chanel шанс	0	0
Скраб скатка	1	False	Скраб скатка	0	0
Pimente	1	False	Pimente	1	1
румяна голивуд	1	False	румяна голивуд	0	0
suqqu	4	False	suqqu	0	0
Bvlgari gold	1	False	Bvlgari gold	0	0
крем для тела teana	1	False	крем для тела teana	7	7
масло очищающее	1	False	масло очищающее	30	30
Maybelline палетка консилеров	1	False	Maybelline палетка консилеров	0	0
ресницы на шею	1	False	ресницы на шею	28	28
Kyoto	2	False	Kyoto	1	1
DNw	1	False	DNw	17	17
clinique тональный	8	False	clinique тональный	26	26
Colossal Kajal от марки Maybelline	2	False	Colossal Kajal от марки Maybelline	0	0
EX-nehilo	1	False	EX-nehilo	0	0
scandalous	1	False	scandalous	0	0
Консилер bobby brown	2	False	Консилер bobby brown	15	15
tint	230	False	tint	27	27
KILIAN GOLD KNIGHT	1	False	KILIAN GOLD KNIGHT	2	2
Средства с кератином	1	False	Средства с кератином	15	15
dolce&gabanna 3	1	False	dolce&gabanna 3	0	0
Clinique control on	1	False	Clinique control on	0	0
chanel le volume revolution de chanel	1	False	chanel le volume revolution de chanel	0	0
Shiseido bb	7	False	Shiseido bb	14	14
маска her	1	False	маска her	26	26
Lancome Advanced Genifique Hydrogel Melting Mask	1	False	Lancome Advanced Genifique Hydrogel Melting Mask	2	2
estee lauder ideal matte refinishing makeup	1	False	estee lauder ideal matte refinishing makeup	0	0
Black vanilla	10	False	Black vanilla	0	0
гель planeta organica	1	False	гель planeta organica	12	12
Dior 683	1	False	Dior 683	2	2
Rimmel stay matt	2	False	Rimmel stay matt	0	0
Фигурное мыло	1	False	Фигурное мыло	0	0
Weleda интим	1	False	Weleda интим	0	0
Kerasys shampoo	1	False	Kerasys shampoo	0	0
Stilettos on Lex Jul et Mad parisi	1	False	Stilettos on Lex Jul et Mad parisi	0	0
lumene valo	41	False	lumene valo	16	16
kinelics	1	False	kinelics	0	0
escentric molecules molecule 023	1	False	escentric molecules molecule 023	2	2
origins масло	6	False	origins масло	30	30
Fresh Line Набор для тела Виноград и нектарин	1	False	Fresh Line Набор для тела Виноград и нектарин	0	0
gorgeous	7	False	gorgeous	1	1
Sisley sour de lune	2	False	Sisley sour de lune	0	0
SORBETTO ROSSO	1	False	SORBETTO ROSSO	15	15
L'Oreal Paris Makeup Infallible Up to 24	1	False	L'Oreal Paris Makeup Infallible Up to 24	0	0
их nihilo fleur narcotique	1	False	их nihilo fleur narcotique	0	0
giorgio armani mania	3	False	giorgio armani mania	0	0
Fior	4	False	Fior	0	0
dior пуазон	4	False	dior пуазон	0	0
娇韵诗乳	1	False	娇韵诗乳	0	0
viktor&rolf spicebomb	50	False	viktor&rolf spicebomb	28	28
Туалетная вода Жадо	2	False	Туалетная вода Жадо	0	0
Christian Dior Fahrenheit	8	False	Christian Dior Fahrenheit	0	0
Парада с пудровым эффектом	1	False	Парада с пудровым эффектом	0	0
Sansiro,Sansiro	2	False	Sansiro,Sansiro	0	0
Dolce & Gabbana Dolce Rosa	2	False	Dolce & Gabbana Dolce Rosa	0	0
Raw	2	False	Raw	17	17
number 1	1	False	number 1	0	0
Gosh праймер тени	1	False	Gosh праймер тени	1	1
essence payot	3	False	essence payot	2	2
Крем витамин Е	2	False	Крем витамин Е	30	30
Erborian CC	1	False	Erborian CC	0	0
Мусульмане эгора 5/9 12	3	False	Мусульмане эгора 5/9 12	0	0
очищение с кислотами	1	False	очищение с кислотами	30	30
Adopt лакрица	1	False	Adopt лакрица	1	1
Listens	1	False	Listens	0	0
Lash power	7	False	Lash power	5	5
barrier	7	False	barrier	9	9
8 элемент	1	False	8 элемент	12	12
Cinema Yves Saint Laurent	1	False	Cinema Yves Saint Laurent	1	1
Mac factor	14	False	Mac factor	29	29
Для косметики	7	False	Для косметики	30	30
Guam Антицеллюлитный стик с экстрактом водоросли, 75 мл	1	False	Guam Антицеллюлитный стик с экстрактом водоросли, 75 мл	0	0
Tour	1	False	Tour	0	0
Задоре	3	False	Задоре	1	1
Коррек	3	False	Коррек	1	1
mon GUERLAIN EAU DE PARFUM FLORALE	1	False	mon GUERLAIN EAU DE PARFUM FLORALE	2	2
туалетная вода cristiano	2	False	туалетная вода cristiano	1	1
aqua di+ gio	1	False	aqua di+ gio	29	29
женская парфюмерия gucci	2	False	женская парфюмерия gucci	1	1
Dolce gabanna the only one	4	False	Dolce gabanna the only one	0	0
Acqua dL Parma colonias	1	False	Acqua dL Parma colonias	0	0
Контейнеры	5	False	Контейнеры	8	8
тональный крем с спф	2	False	тональный крем с спф	28	28
Bobbi Brown Waterproof Brow Shaper	2	False	Bobbi Brown Waterproof Brow Shaper	0	0
woonderwood	1	False	woonderwood	0	0
adobe	2	False	adobe	0	0
минеральная косметика	3	False	минеральная косметика	5	5
ARTDECO КОНСИЛЕР	2	False	ARTDECO КОНСИЛЕР	0	0
Megaglot	1	False	Megaglot	0	0
chanel bleu de chanel парфюмерная вода 50 мл	1	False	chanel bleu de chanel парфюмерная вода 50 мл	0	0
iceberg man	10	False	iceberg man	3	3
L'Oreal Paris Brow Artist Plumper	4	False	L'Oreal Paris Brow Artist Plumper	0	0
Jimmy joo	3	False	Jimmy joo	0	0
Эсте лаудер интуишен	2	False	Эсте лаудер интуишен	0	0
Solo platinum	7	False	Solo platinum	0	0
Бритва Gillette Fusion5 ProGlide Power	3	False	Бритва Gillette Fusion5 ProGlide Power	0	0
Атомайзер	131	False	Атомайзер	2	2
Ладком	2	False	Ладком	0	0
Isadora lip desire	1	False	Isadora lip desire	1	1
крем clinique	12	False	крем clinique	27	27
Creed Three	1	False	Creed Three	0	0
Giorgio Armani Armani Code Femme Satin Eau De Parfum	1	False	Giorgio Armani Armani Code Femme Satin Eau De Parfum	0	0
Тональные крема	15	False	Тональные крема	30	30
egoist parfum	1	False	egoist parfum	0	0
Gregorio armani	1	False	Gregorio armani	0	0
Вообще миллион	1	False	Вообще миллион	0	0
red moscow	1	False	red moscow	19	19
Фиксатор макияжа nyx	1	False	Фиксатор макияжа nyx	14	14
Lalique encre noir	2	False	Lalique encre noir	0	0
Духи savage	1	False	Духи savage	1	1
Мужские подарк	4	False	Мужские подарк	2	2
Biologique Recherche Lotion P50	1	False	Biologique Recherche Lotion P50	0	0
Burberry blacks	2	False	Burberry blacks	0	0
jahal	1	False	jahal	0	0
Помада винная	1	False	Помада винная	5	5
La Mer тоник	3	False	La Mer тоник	28	28
pupa 14	1	False	pupa 14	20	20
На опыта клиник	1	False	На опыта клиник	0	0
Dynamic	1	False	Dynamic	1	1
PAYOT СМЯГЧАЮЩИЙ КОЖУ ШАРИКОВЫЙ ДЕЗОДОРАНТ БЕЗ СПИРТА	1	False	PAYOT СМЯГЧАЮЩИЙ КОЖУ ШАРИКОВЫЙ ДЕЗОДОРАНТ БЕЗ СПИРТА	0	0
Росабароко	1	False	Росабароко	0	0
Питательный блеск	1	False	Питательный блеск	30	30
Bogaje	1	False	Bogaje	0	0
Dior intence	1	False	Dior intence	0	0
Keizo	1	False	Keizo	0	0
Fox I	1	False	Fox I	17	17
Крем-баттер	2	False	Крем-баттер	0	0
Солнцезащитный для проблемной кожи	1	False	Солнцезащитный для проблемной кожи	7	7
тушь для ресниц гурмандиз	5	False	тушь для ресниц гурмандиз	1	1
Зодак и вольтер	2	False	Зодак и вольтер	0	0
Термоса-тушь	1	False	Термоса-тушь	0	0
Bvlgari Man In Black Cologne Туалетная вода	1	False	Bvlgari Man In Black Cologne Туалетная вода	0	0
крем с SPF-защитой	1	False	крем с SPF-защитой	1	1
Новинки тушь	1	False	Новинки тушь	4	4
Календарь мастхевов	9	False	Календарь мастхевов	0	0
Mont blanche	4	False	Mont blanche	0	0
trio крем для рук	1	False	trio крем для рук	2	2
пенка увлажняющ	1	False	пенка увлажняющ	0	0
kenzo l’ eau par	2	False	kenzo l’ eau par	15	15
Легендарный кислород	1	False	Легендарный кислород	1	1
масло для ресниц	19	False	масло для ресниц	18	18
SMMLC09	1	False	SMMLC09	0	0
Крем для лица солнцезащитный	2	False	Крем для лица солнцезащитный	30	30
"L'Oreal Paris Тональный крем ""Alliance Perfect"	1	False	"L'Oreal Paris Тональный крем ""Alliance Perfect"	0	0
Люфты	1	False	Люфты	0	0
Матовая помада loreal	3	False	Матовая помада loreal	4	4
"консилер хайлайтер для лица "" true match"	1	False	"консилер хайлайтер для лица "" true match"	0	0
Тональный крем Estée Lauder	3	False	Тональный крем Estée Lauder	26	26
Christian Dior homme Parfum	2	False	Christian Dior homme Parfum	0	0
1870 opus	2	False	1870 opus	0	0
Opus 1870	4	False	Opus 1870	0	0
Nina Ricci L ‘Air Du Temps	1	False	Nina Ricci L ‘Air Du Temps	1	1
Make up forever matte velvet	1	False	Make up forever matte velvet	0	0
PUPA BIRD 2	2	False	PUPA BIRD 2	7	7
тональный clinic	1	False	тональный clinic	30	30
Guerlain пудра рассыпчатая	1	False	Guerlain пудра рассыпчатая	0	0
Stash super	1	False	Stash super	0	0
Парфюмерный лосьон для тела	1	False	Парфюмерный лосьон для тела	30	30
Ультрафиолетовый фонарь	1	False	Ультрафиолетовый фонарь	0	0
chanel beauty	3	False	chanel beauty	0	0
mac 210	1	False	mac 210	17	17
Metallic lip	1	False	Metallic lip	13	13
encre noire sport	1	False	encre noire sport	0	0
N°5 FRAGMENTS D'OR	1	False	N°5 FRAGMENTS D'OR	0	0
Estee lauder re-nutriv	1	False	Estee lauder re-nutriv	15	15
Mexx back	5	False	Mexx back	0	0
для+ сухой кожи лица	1	False	для+ сухой кожи лица	30	30
SeaNtree Horse Oil	1	False	SeaNtree Horse Oil	0	0
l’ oréal washout	2	False	l’ oréal washout	3	3
love yourself	4	False	love yourself	3	3
Mavala lagoon	2	False	Mavala lagoon	0	0
ysl320	2	False	ysl320	0	0
kouros yves saint laurent	1	False	kouros yves saint laurent	0	0
Айзе5берг	1	False	Айзе5берг	0	0
сменные блоки 3*20	1	False	сменные блоки 3*20	0	0
Пудры матирующие	2	False	Пудры матирующие	30	30
Teana Огненный топаз	1	False	Teana Огненный топаз	1	1
Kilian parfum	1	False	Kilian parfum	30	30
Мочевины	1	False	Мочевины	8	8
Dior le volume revolution mascara	1	False	Dior le volume revolution mascara	0	0
Hermès in jardin	1	False	Hermès in jardin	6	6
Chrome azzura	3	False	Chrome azzura	0	0
Орхидеи	1	False	Орхидеи	30	30
Dr. brandt	2	False	Dr. brandt	0	0
kiko milano	7	False	kiko milano	0	0
chanel карандаш для глаз	2	False	chanel карандаш для глаз	0	0
sergio tacchini ozone	1	False	sergio tacchini ozone	0	0
clinique anti-blemish	24	False	clinique anti-blemish	11	11
тени для бровей pupa	1	False	тени для бровей pupa	7	7
Shake short	2	False	Shake short	0	0
Polo sport	1	False	Polo sport	0	0
les garcons	1	False	les garcons	12	12
nyx strobe of genius illuminating palette	1	False	nyx strobe of genius illuminating palette	1	1
lucas papaw бальзам для губ	1	False	lucas papaw бальзам для губ	0	0
Carbonated Booble	1	False	Carbonated Booble	0	0
для удаления волос	2	False	для удаления волос	4	4
CAFE-CAFE cafe GREEN Eau de Toilette	1	False	CAFE-CAFE cafe GREEN Eau de Toilette	0	0
Питательный крем с шафраном	3	False	Питательный крем с шафраном	1	1
Мужская парфюмерная вода	7	False	Мужская парфюмерная вода	30	30
TRESemmé	1	False	TRESemmé	0	0
love by kilian	16	False	love by kilian	6	6
Sciseido	2	False	Sciseido	0	0
Травало	2	False	Травало	0	0
DSM	1	False	DSM	17	17
estée lauder корректор	7	False	estée lauder корректор	24	24
Vivienne sabo rouge	1	False	Vivienne sabo rouge	2	2
Наборы подарочные для женщин	2	False	Наборы подарочные для женщин	11	11
тени для век nyx	19	False	тени для век nyx	29	29
Urban decay хайлайтер	1	False	Urban decay хайлайтер	7	7
very irresistible	45	False	very irresistible	1	1
S miracle shail essence mask	2	False	S miracle shail essence mask	0	0
glarins	1	False	glarins	0	0
Intense Tiare EDP	1	False	Intense Tiare EDP	1	1
Средство для чистки кистей	2	False	Средство для чистки кистей	0	0
Air luminizer	1	False	Air luminizer	3	3
Тональный пигмент	3	False	Тональный пигмент	30	30
Montale intense coffee	1	False	Montale intense coffee	0	0
Moss Snowdrop	1	False	Moss Snowdrop	0	0
бал в африке	1	False	бал в африке	0	0
Средство для снятия макияжа с глаз	13	False	Средство для снятия макияжа с глаз	26	26
Terenzi morema	1	False	Terenzi morema	0	0
Gosh гель для бровей	1	False	Gosh гель для бровей	0	0
Тени для век nude huda beaty	2	False	Тени для век nude huda beaty	0	0
Фантабулюс	1	False	Фантабулюс	0	0
туалетная вода женщин	3	False	туалетная вода женщин	30	30
маска с углем	1	False	маска с углем	22	22
Powder Flowers+ Montale	1	False	Powder Flowers+ Montale	0	0
база под макияж max factor	1	False	база под макияж max factor	1	1
Dr hauschka зубная паста	1	False	Dr hauschka зубная паста	0	0
брокколи	1	False	брокколи	4	4
vanilla spicy	1	False	vanilla spicy	0	0
Клиник дезодорант	2	False	Клиник дезодорант	2	2
COMME DES GARCONS SERIES 3 INCENSE: JAISALMER	1	False	COMME DES GARCONS SERIES 3 INCENSE: JAISALMER	5	5
shideido тональное средство	1	False	shideido тональное средство	0	0
Жидкая пудра	2	False	Жидкая пудра	26	26
Mizon all one snall	1	False	Mizon all one snall	0	0
Girls now	1	False	Girls now	1	1
Lancôme tonique comfort	2	False	Lancôme tonique comfort	0	0
utipia	1	False	utipia	0	0
Маска Мольтобенэ	1	False	Маска Мольтобенэ	0	0
Colour Elixir Cushion	1	False	Colour Elixir Cushion	1	1
Givenchy mister mat	1	False	Givenchy mister mat	4	4
cathy doll nude me	1	False	cathy doll nude me	0	0
Тушь pupa	53	False	Тушь pupa	19	19
Умная эмаль	4	False	Умная эмаль	0	0
Тени однокопмактые	2	False	Тени однокопмактые	0	0
dark two	1	False	dark two	24	24
black black afgano	1	False	black black afgano	0	0
Блеск для губ lumene	2	False	Блеск для губ lumene	5	5
chanel парфюм для мужчин	1	False	chanel парфюм для мужчин	0	0
Kohl	8	False	Kohl	13	13
 NYX Lid Lingerie LIDLI 02	1	False	nyx lid lingerie lidli 02	0	0
Sensai kanebo fluid finish	1	False	Sensai kanebo fluid finish	0	0
Dolce milk увлажняющая сыворотка	1	False	Dolce milk увлажняющая сыворотка	0	0
gosh eyebrow pencil	3	False	gosh eyebrow pencil	2	2
Dior DiorSkin Poudre Shimmer	1	False	Dior DiorSkin Poudre Shimmer	0	0
l'oreal les chocolats ultrapro matte liquid lipstick	3	False	l'oreal les chocolats ultrapro matte liquid lipstick	1	1
dosed	1	False	dosed	0	0
Erboria	1	False	Erboria	0	0
fruity	2	False	fruity	6	6
King of seduction absolute	1	False	King of seduction absolute	2	2
ysl nu incongru	4	False	ysl nu incongru	30	30
Azara	1	False	Azara	0	0
А адвент календарь Адвент календарь	4	False	А адвент календарь Адвент календарь	0	0
tudor	1	False	tudor	0	0
туалетная вода виски	5	False	туалетная вода виски	3	3
polo ralph lauren	2	False	polo ralph lauren	0	0
Thank you farmer	60	False	Thank you farmer	0	0
ck in2u	1	False	ck in2u	0	0
Unicorn	23	False	Unicorn	0	0
Пополняемый сертификат	2	False	Пополняемый сертификат	0	0
Валери до	1	False	Валери до	0	0
New Yorker	2	False	New Yorker	0	0
Adopt caramel	21	False	Adopt caramel	0	0
Grand Neroli	2	False	Grand Neroli	0	0
Mexx spring is nou	1	False	Mexx spring is nou	0	0
becca under eye brightening corrector	2	False	becca under eye brightening corrector	0	0
Никс хайлайтер	2	False	Никс хайлайтер	18	18
Gucci gilty	1	False	Gucci gilty	0	0
Bioderm se	1	False	Bioderm se	0	0
Illusion D	1	False	Illusion D	7	7
Pure melt clarins	1	False	Pure melt clarins	0	0
Givenchy pret a porter	3	False	Givenchy pret a porter	0	0
L’Oréal unlimited	1	False	l’ oréal unlimited	6	0
Kiehl´S	1	False	Kiehl´S	0	0
пена fresh	1	False	пена fresh	3	3
Пятигорск	3	False	Пятигорск	0	0
l'oreal active	1	False	l'oreal active	3	3
mac prep	3	False	mac prep	27	27
karl antony	2	False	karl antony	0	0
alerana	1	False	alerana	0	0
тоник сужающий	1	False	тоник сужающий	13	13
Расческа teezer	1	False	Расческа teezer	0	0
кисти для макичжс	1	False	кисти для макичжс	0	0
Пудра для скидк	1	False	Пудра для скидк	0	0
evidens	3	False	evidens	0	0
кремя для лица seberica	1	False	кремя для лица seberica	0	0
Компактная пудра lancome	1	False	Компактная пудра lancome	0	0
Маски dr.jard	1	False	Маски dr.jard	0	0
Sigma kabuki brush	1	False	Sigma kabuki brush	0	0
mess no more	1	False	mess no more	0	0
starwalker	2	False	starwalker	0	0
Для женщин dkny	1	False	Для женщин dkny	0	0
Venetian blue	1	False	Venetian blue	1	1
