searchstring;productcount;eventdate;fixed;is_fixed;brands_fixed;layout_fixed;spaces_fixed;typos_fixed;;
Зинфандель;45;31.12.2018;zinfandel;ИСТИНА;ИСТИНА;ЛОЖЬ;ЛОЖЬ;ЛОЖЬ;0,014608874;1
лев голицын;13;31.12.2018;лев голицын;ЛОЖЬ;ЛОЖЬ;ЛОЖЬ;ЛОЖЬ;ЛОЖЬ;0,02295262;1
Abrau-Durso Imperial Brut L’Art Nouveau 3L (Абрау-Дюрсо Империал Брют Л'Арт Нуво 3 л) в подарочной упаковке;1;31.12.2018;Abrau-Durso Imperial Brut L’Art Nouveau 3L (Абрау-Дюрсо Империал Брют Л'Арт Нуво 3 л) в подарочной упаковке;ЛОЖЬ;ЛОЖЬ;ЛОЖЬ;ЛОЖЬ;ЛОЖЬ;0,007492245;1
Маккалан;0;31.12.2018;маккалан;ЛОЖЬ;ЛОЖЬ;ЛОЖЬ;ЛОЖЬ;ЛОЖЬ;0,001787965;1
Mauntin view;0;31.12.2018;mauntin view;ЛОЖЬ;ЛОЖЬ;ЛОЖЬ;ЛОЖЬ;ЛОЖЬ;0,017391635;1
Martini asti;9;30.12.2018;martini asti;ЛОЖЬ;ЛОЖЬ;ЛОЖЬ;ЛОЖЬ;ЛОЖЬ;0,022345675;1
brut;45;30.12.2018;brut;ЛОЖЬ;ЛОЖЬ;ЛОЖЬ;ЛОЖЬ;ЛОЖЬ;0,003343621;1
Медовуха;7;30.12.2018;медовуха;ЛОЖЬ;ЛОЖЬ;ЛОЖЬ;ЛОЖЬ;ЛОЖЬ;0,008226387;1
малвасия вино;0;30.12.2018;малвасия вино;ЛОЖЬ;ЛОЖЬ;ЛОЖЬ;ЛОЖЬ;ЛОЖЬ;0,016925945;1
le masserie rosso;0;30.12.2018;le masseria rosso;ИСТИНА;ЛОЖЬ;ЛОЖЬ;ЛОЖЬ;ИСТИНА;0,015317515;1
Абрау Дюрсо;40;30.12.2018;абрау дюрсо;ЛОЖЬ;ЛОЖЬ;ЛОЖЬ;ЛОЖЬ;ЛОЖЬ;0,019140207;1
Миниатюры;0;30.12.2018;миниатюры;ЛОЖЬ;ЛОЖЬ;ЛОЖЬ;ЛОЖЬ;ЛОЖЬ;0,019938896;1
 Late-Bottled Vintage;4;30.12.2018;late-bottled vintage;ЛОЖЬ;ЛОЖЬ;ЛОЖЬ;ЛОЖЬ;ЛОЖЬ;0,00496591;1
KC (Pinot Noir);0;30.12.2018;kc (pinot noir);ЛОЖЬ;ЛОЖЬ;ЛОЖЬ;ЛОЖЬ;ЛОЖЬ;0,023143261;1
Perde blokke;0;30.12.2018;perdeblokke;ИСТИНА;ЛОЖЬ;ЛОЖЬ;ИСТИНА;ЛОЖЬ;0,025964649;1
vall de juy;0;30.12.2018;vall de joy;ИСТИНА;ЛОЖЬ;ЛОЖЬ;ЛОЖЬ;ИСТИНА;0,015241596;1
Vega Sicilia Valbuena 5° 2013 1,5L (Вега Сицилия Вальбуэна 5° 2013 1,5 л);1;30.12.2018;Vega Sicilia Valbuena 5° 2013 1,5L (Вега Сицилия Вальбуэна 5° 2013 1,5 л);ЛОЖЬ;ЛОЖЬ;ЛОЖЬ;ЛОЖЬ;ЛОЖЬ;0,020901152;1
Chateau d'Yquem;18;30.12.2018;chateau d'yquem;ЛОЖЬ;ЛОЖЬ;ЛОЖЬ;ЛОЖЬ;ЛОЖЬ;0,014235116;1
Chateau Guiraud;6;30.12.2018;chateau guiraud;ЛОЖЬ;ЛОЖЬ;ЛОЖЬ;ЛОЖЬ;ЛОЖЬ;0,022821082;1
луи;1;30.12.2018;louis;ИСТИНА;ИСТИНА;ЛОЖЬ;ЛОЖЬ;ЛОЖЬ;0,017150746;1
ВЕрмут;42;30.12.2018;вермут;ЛОЖЬ;ЛОЖЬ;ЛОЖЬ;ЛОЖЬ;ЛОЖЬ;0,022390454;1
brugal;4;30.12.2018;brugal;ЛОЖЬ;ЛОЖЬ;ЛОЖЬ;ЛОЖЬ;ЛОЖЬ;0,022457601;1
Мондоро;11;30.12.2018;mondoro;ИСТИНА;ИСТИНА;ЛОЖЬ;ЛОЖЬ;ЛОЖЬ;0,000119483;1
aquavit;2;30.12.2018;aquavit;ЛОЖЬ;ЛОЖЬ;ЛОЖЬ;ЛОЖЬ;ЛОЖЬ;0,023915092;1
Крю Буржуа;45;30.12.2018;крю буржуа;ЛОЖЬ;ЛОЖЬ;ЛОЖЬ;ЛОЖЬ;ЛОЖЬ;0,004829436;1
Chateau Tamagne;45;30.12.2018;chateau tamagne;ЛОЖЬ;ЛОЖЬ;ЛОЖЬ;ЛОЖЬ;ЛОЖЬ;0,018057452;1
mavam;1;30.12.2018;mavam;ЛОЖЬ;ЛОЖЬ;ЛОЖЬ;ЛОЖЬ;ЛОЖЬ;0,021375325;1
Jagermeister;11;30.12.2018;jagermeister;ЛОЖЬ;ЛОЖЬ;ЛОЖЬ;ЛОЖЬ;ЛОЖЬ;0,024560909;1
Jack Daniels;19;30.12.2018;jack daniels;ЛОЖЬ;ЛОЖЬ;ЛОЖЬ;ЛОЖЬ;ЛОЖЬ;0,024734547;1
Asti;45;30.12.2018;asti;ЛОЖЬ;ЛОЖЬ;ЛОЖЬ;ЛОЖЬ;ЛОЖЬ;0,024987318;1
Pierre Laforest  La Clape Languedoc;0;30.12.2018;pierre laforest la clape languedoc;ЛОЖЬ;ЛОЖЬ;ЛОЖЬ;ЛОЖЬ;ЛОЖЬ;0,020116;1
Floris Fraise;1;30.12.2018;floris fraise;ЛОЖЬ;ЛОЖЬ;ЛОЖЬ;ЛОЖЬ;ЛОЖЬ;0,015086498;1
Lovrano;0;30.12.2018;lovrano;ЛОЖЬ;ЛОЖЬ;ЛОЖЬ;ЛОЖЬ;ЛОЖЬ;0,004469369;1
Пино гриджо;45;30.12.2018;пино гриджо;ЛОЖЬ;ЛОЖЬ;ЛОЖЬ;ЛОЖЬ;ЛОЖЬ;0,022681294;1
Aviva;21;30.12.2018;aviva;ЛОЖЬ;ЛОЖЬ;ЛОЖЬ;ЛОЖЬ;ЛОЖЬ;0,008467965;1
Crystal Brut;0;30.12.2018;crystal brut;ЛОЖЬ;ЛОЖЬ;ЛОЖЬ;ЛОЖЬ;ЛОЖЬ;0,004416226;1
Mondoro;3;30.12.2018;mondoro;ЛОЖЬ;ЛОЖЬ;ЛОЖЬ;ЛОЖЬ;ЛОЖЬ;0,011771544;1
Suvorov vin;0;30.12.2018;suvorov vin;ЛОЖЬ;ЛОЖЬ;ЛОЖЬ;ЛОЖЬ;ЛОЖЬ;0,010643998;1
Most Wonderful Time 4 A Beer;0;30.12.2018;most wonderful time 4 a beer;ЛОЖЬ;ЛОЖЬ;ЛОЖЬ;ЛОЖЬ;ЛОЖЬ;0,020989777;1
брют;23;30.12.2018;brut;ИСТИНА;ИСТИНА;ЛОЖЬ;ЛОЖЬ;ЛОЖЬ;0,022223868;1
sigalas;0;30.12.2018;sigalas;ЛОЖЬ;ЛОЖЬ;ЛОЖЬ;ЛОЖЬ;ЛОЖЬ;0,025236638;1
arvest;31;30.12.2018;harvest;ИСТИНА;ЛОЖЬ;ЛОЖЬ;ЛОЖЬ;ИСТИНА;0,01987275;1
Bacalhoa;10;30.12.2018;bacalhoa;ЛОЖЬ;ЛОЖЬ;ЛОЖЬ;ЛОЖЬ;ЛОЖЬ;0,015034934;1
Up2up;0;30.12.2018;up2up;ЛОЖЬ;ЛОЖЬ;ЛОЖЬ;ЛОЖЬ;ЛОЖЬ;0,016332121;1
Lanson;39;30.12.2018;lanson;ЛОЖЬ;ЛОЖЬ;ЛОЖЬ;ЛОЖЬ;ЛОЖЬ;0,009948272;1
белуга эпикур;1;30.12.2018;белуга эпикур;ЛОЖЬ;ЛОЖЬ;ЛОЖЬ;ЛОЖЬ;ЛОЖЬ;0,026699195;1
Moet ch;35;29.12.2018;moet ch;ЛОЖЬ;ЛОЖЬ;ЛОЖЬ;ЛОЖЬ;ЛОЖЬ;0,023286093;1
Sovinon blan;2;29.12.2018;sovinon blan;ЛОЖЬ;ЛОЖЬ;ЛОЖЬ;ЛОЖЬ;ЛОЖЬ;0,01566274;1
чивас ригал;19;29.12.2018;чивас ригал;ЛОЖЬ;ЛОЖЬ;ЛОЖЬ;ЛОЖЬ;ЛОЖЬ;0,024696371;1
Redoma;3;29.12.2018;redoma;ЛОЖЬ;ЛОЖЬ;ЛОЖЬ;ЛОЖЬ;ЛОЖЬ;0,005240744;1
креман де бургонь;22;29.12.2018;креман де бургонь;ЛОЖЬ;ЛОЖЬ;ЛОЖЬ;ЛОЖЬ;ЛОЖЬ;0,015716702;1
 2011 La Chapelle de Potensac, MEDOC, FRANCE;0;29.12.2018;2011 la chapelle de potensac, medoc, france;ЛОЖЬ;ЛОЖЬ;ЛОЖЬ;ЛОЖЬ;ЛОЖЬ;0,017316155;1
Chateau Petrus 2007;3;29.12.2018;chateau petrus 2007;ЛОЖЬ;ЛОЖЬ;ЛОЖЬ;ЛОЖЬ;ЛОЖЬ;0,011970453;1
Белуга;41;29.12.2018;белуга;ЛОЖЬ;ЛОЖЬ;ЛОЖЬ;ЛОЖЬ;ЛОЖЬ;0,011313862;1
Семигорье;19;29.12.2018;semigorye;ИСТИНА;ИСТИНА;ЛОЖЬ;ЛОЖЬ;ЛОЖЬ;0,00355588;1
1964;14;29.12.2018;1964;ЛОЖЬ;ЛОЖЬ;ЛОЖЬ;ЛОЖЬ;ЛОЖЬ;0,001000647;1
Авиво;0;29.12.2018;aviva;ИСТИНА;ЛОЖЬ;ЛОЖЬ;ЛОЖЬ;ЛОЖЬ;0,012466125;1
0.187;0;29.12.2018;0.187;ЛОЖЬ;ЛОЖЬ;ЛОЖЬ;ЛОЖЬ;ЛОЖЬ;0,00152799;1
Бальзам;29;28.12.2018;бальзам;ЛОЖЬ;ЛОЖЬ;ЛОЖЬ;ЛОЖЬ;ЛОЖЬ;0,013483382;1
Moscato;45;28.12.2018;moscato;ЛОЖЬ;ЛОЖЬ;ЛОЖЬ;ЛОЖЬ;ЛОЖЬ;0,020138077;1
ar1117;1;28.12.2018;ar1117;ЛОЖЬ;ЛОЖЬ;ЛОЖЬ;ЛОЖЬ;ЛОЖЬ;0,026951399;1
chartreuse;8;28.12.2018;chartreuse;ЛОЖЬ;ЛОЖЬ;ЛОЖЬ;ЛОЖЬ;ЛОЖЬ;0,004775551;1
d347;1;28.12.2018;d347;ЛОЖЬ;ЛОЖЬ;ЛОЖЬ;ЛОЖЬ;ЛОЖЬ;0,004912263;1
 де Ситран;13;28.12.2018;де ситран;ЛОЖЬ;ЛОЖЬ;ЛОЖЬ;ЛОЖЬ;ЛОЖЬ;0,007399004;1
Casillero del Diablo;4;28.12.2018;casillero del diablo;ЛОЖЬ;ЛОЖЬ;ЛОЖЬ;ЛОЖЬ;ЛОЖЬ;0,009727705;1
Cono Sur Bicicleta Merlo;2;28.12.2018;cono sur bicicleta merlo;ЛОЖЬ;ЛОЖЬ;ЛОЖЬ;ЛОЖЬ;ЛОЖЬ;0,012722152;1
киндзмараули;0;28.12.2018;киндзмараули;ЛОЖЬ;ЛОЖЬ;ЛОЖЬ;ЛОЖЬ;ЛОЖЬ;0,024573722;1
Айгешат;0;28.12.2018;айгешат;ЛОЖЬ;ЛОЖЬ;ЛОЖЬ;ЛОЖЬ;ЛОЖЬ;0,027822744;1
Sambuca;34;28.12.2018;sambuca;ЛОЖЬ;ЛОЖЬ;ЛОЖЬ;ЛОЖЬ;ЛОЖЬ;0,026255181;1
wd01374;1;28.12.2018;wd01374;ЛОЖЬ;ЛОЖЬ;ЛОЖЬ;ЛОЖЬ;ЛОЖЬ;0,000908486;1
chianti san paolo;0;28.12.2018;chianti san paolo;ЛОЖЬ;ЛОЖЬ;ЛОЖЬ;ЛОЖЬ;ЛОЖЬ;0,00198861;1
качел;16;28.12.2018;качели;ИСТИНА;ЛОЖЬ;ЛОЖЬ;ЛОЖЬ;ИСТИНА;0,001635486;1
АЛТА20312;1;28.12.2018;алта20312;ЛОЖЬ;ЛОЖЬ;ЛОЖЬ;ЛОЖЬ;ЛОЖЬ;0,026398107;1
pinotage;45;28.12.2018;pinotage;ЛОЖЬ;ЛОЖЬ;ЛОЖЬ;ЛОЖЬ;ЛОЖЬ;0,017735179;1
Imperial;45;28.12.2018;imperial;ЛОЖЬ;ЛОЖЬ;ЛОЖЬ;ЛОЖЬ;ЛОЖЬ;0,014438691;1
Caperdonich;1;28.12.2018;caperdonich;ЛОЖЬ;ЛОЖЬ;ЛОЖЬ;ЛОЖЬ;ЛОЖЬ;0,020725212;1
barbe ruby;1;28.12.2018;barbe ruby;ЛОЖЬ;ЛОЖЬ;ЛОЖЬ;ЛОЖЬ;ЛОЖЬ;0,01910524;1
КАЛАШНИКОВ;7;28.12.2018;калашников;ЛОЖЬ;ЛОЖЬ;ЛОЖЬ;ЛОЖЬ;ЛОЖЬ;0,007288486;1
Argiano NC;1;28.12.2018;argiano nc;ЛОЖЬ;ЛОЖЬ;ЛОЖЬ;ЛОЖЬ;ЛОЖЬ;0,025000873;1
Acquesi;5;28.12.2018;acquesi;ЛОЖЬ;ЛОЖЬ;ЛОЖЬ;ЛОЖЬ;ЛОЖЬ;0,012905271;1
фанагория 100 оттенков;4;28.12.2018;фанагория 100 оттенков;ЛОЖЬ;ЛОЖЬ;ЛОЖЬ;ЛОЖЬ;ЛОЖЬ;0,008609264;1
золотая балка;19;27.12.2018;золотая балка;ЛОЖЬ;ЛОЖЬ;ЛОЖЬ;ЛОЖЬ;ЛОЖЬ;0,000520105;1
спельта;2;27.12.2018;spelta;ИСТИНА;ИСТИНА;ЛОЖЬ;ЛОЖЬ;ЛОЖЬ;0,002469309;1
егермейстер;11;27.12.2018;егермейстер;ЛОЖЬ;ЛОЖЬ;ЛОЖЬ;ЛОЖЬ;ЛОЖЬ;0,010530451;1
золотая балка;19;27.12.2018;золотая балка;ЛОЖЬ;ЛОЖЬ;ЛОЖЬ;ЛОЖЬ;ЛОЖЬ;0,018673167;1
Charmes Chambertin Grand Cru;30;27.12.2018;charmes chambertin grand cru;ЛОЖЬ;ЛОЖЬ;ЛОЖЬ;ЛОЖЬ;ЛОЖЬ;0,017057523;1
Appleton;1;27.12.2018;appleton;ЛОЖЬ;ЛОЖЬ;ЛОЖЬ;ЛОЖЬ;ЛОЖЬ;0,012607891;1
Selbach “incline”;0;27.12.2018;selbach “incline”;ЛОЖЬ;ЛОЖЬ;ЛОЖЬ;ЛОЖЬ;ЛОЖЬ;0,011669235;1
Remy martin;26;27.12.2018;remy martin;ЛОЖЬ;ЛОЖЬ;ЛОЖЬ;ЛОЖЬ;ЛОЖЬ;0,00776702;1
Cru Cuvee des Alouettes;3;27.12.2018;cru cuvee des alouettes;ЛОЖЬ;ЛОЖЬ;ЛОЖЬ;ЛОЖЬ;ЛОЖЬ;0,010805283;1
avivo;0;27.12.2018;aviva;ИСТИНА;ЛОЖЬ;ЛОЖЬ;ЛОЖЬ;ЛОЖЬ;0,026363336;1
гран торино;2;27.12.2018;гран торино;ЛОЖЬ;ЛОЖЬ;ЛОЖЬ;ЛОЖЬ;ЛОЖЬ;0,009330365;1
Simonsig brut rose;2;27.12.2018;simonsig brut rose;ЛОЖЬ;ЛОЖЬ;ЛОЖЬ;ЛОЖЬ;ЛОЖЬ;0,009076136;1
Il Marroneto, Brunello di Montalcino;0;27.12.2018;il marroneto, brunello di montalcino;ЛОЖЬ;ЛОЖЬ;ЛОЖЬ;ЛОЖЬ;ЛОЖЬ;0,022140277;1
Джим бим;24;27.12.2018;джим бим;ЛОЖЬ;ЛОЖЬ;ЛОЖЬ;ЛОЖЬ;ЛОЖЬ;0,001109192;1
Terres Poupres Saumur;0;27.12.2018;terres poupres saumur;ЛОЖЬ;ЛОЖЬ;ЛОЖЬ;ЛОЖЬ;ЛОЖЬ;0,014025329;1
Giarola;12;27.12.2018;giarola;ЛОЖЬ;ЛОЖЬ;ЛОЖЬ;ЛОЖЬ;ЛОЖЬ;0,022062693;1
cantina;42;27.12.2018;cantina;ЛОЖЬ;ЛОЖЬ;ЛОЖЬ;ЛОЖЬ;ЛОЖЬ;0,021106348;1
land;45;27.12.2018;land;ЛОЖЬ;ЛОЖЬ;ЛОЖЬ;ЛОЖЬ;ЛОЖЬ;0,002760142;1
Zanna;3;27.12.2018;zanna;ЛОЖЬ;ЛОЖЬ;ЛОЖЬ;ЛОЖЬ;ЛОЖЬ;0,017940815;1
шато тамань резерв;21;27.12.2018;шато тамань резерв;ЛОЖЬ;ЛОЖЬ;ЛОЖЬ;ЛОЖЬ;ЛОЖЬ;0,025173944;1
текила;33;27.12.2018;текила;ЛОЖЬ;ЛОЖЬ;ЛОЖЬ;ЛОЖЬ;ЛОЖЬ;0,004840945;1
Гранд десерт долче;0;27.12.2018;гранд десерт dolce;ИСТИНА;ИСТИНА;ЛОЖЬ;ЛОЖЬ;ИСТИНА;0,023989342;1
Bourgogne Chardonnay 2015;9;27.12.2018;bourgogne chardonnay 2015;ЛОЖЬ;ЛОЖЬ;ЛОЖЬ;ЛОЖЬ;ЛОЖЬ;0,014457878;1
Glenfiddich;23;27.12.2018;glenfiddich;ЛОЖЬ;ЛОЖЬ;ЛОЖЬ;ЛОЖЬ;ЛОЖЬ;0,011898321;1
Jim Beam;25;27.12.2018;jim beam;ЛОЖЬ;ЛОЖЬ;ЛОЖЬ;ЛОЖЬ;ЛОЖЬ;0,012669952;1
Cru Clavoillon;3;27.12.2018;cru clavoillon;ЛОЖЬ;ЛОЖЬ;ЛОЖЬ;ЛОЖЬ;ЛОЖЬ;0,00704569;1
Montrachet Grand;45;27.12.2018;montrachet grand;ЛОЖЬ;ЛОЖЬ;ЛОЖЬ;ЛОЖЬ;ЛОЖЬ;0,00798295;1
uws1004810;1;26.12.2018;uws1004810;ЛОЖЬ;ЛОЖЬ;ЛОЖЬ;ЛОЖЬ;ЛОЖЬ;0,023683313;1
арманьяк 1974;8;26.12.2018;арманьяк 1974;ЛОЖЬ;ЛОЖЬ;ЛОЖЬ;ЛОЖЬ;ЛОЖЬ;0,019302877;1
Bowen;4;26.12.2018;bowen;ЛОЖЬ;ЛОЖЬ;ЛОЖЬ;ЛОЖЬ;ЛОЖЬ;0,014005388;1
baaduri 5 ye;5;26.12.2018;baaduri 5 ye;ЛОЖЬ;ЛОЖЬ;ЛОЖЬ;ЛОЖЬ;ЛОЖЬ;0,007414871;1
алта20649;1;26.12.2018;алта20649;ЛОЖЬ;ЛОЖЬ;ЛОЖЬ;ЛОЖЬ;ЛОЖЬ;0,007353587;1
Вино Chateau Cheval Blanc, St-Emilion AOC 1-er Grand Cru Classe;0;26.12.2018;Вино Chateau Cheval Blanc, St-Emilion AOC 1-er Grand Cru Classe;ЛОЖЬ;ЛОЖЬ;ЛОЖЬ;ЛОЖЬ;ЛОЖЬ;0,004479875;1
Торре абальде тинто;1;26.12.2018;торре абальде тинто;ЛОЖЬ;ЛОЖЬ;ЛОЖЬ;ЛОЖЬ;ЛОЖЬ;0,027468054;1
Pescaito;3;26.12.2018;pescaito;ЛОЖЬ;ЛОЖЬ;ЛОЖЬ;ЛОЖЬ;ЛОЖЬ;0,006216954;1
Canti;45;26.12.2018;canti;ЛОЖЬ;ЛОЖЬ;ЛОЖЬ;ЛОЖЬ;ЛОЖЬ;0,028717621;1
качел;16;26.12.2018;качели;ИСТИНА;ЛОЖЬ;ЛОЖЬ;ЛОЖЬ;ИСТИНА;0,004233531;1
Gold baku;1;26.12.2018;gold baku;ЛОЖЬ;ЛОЖЬ;ЛОЖЬ;ЛОЖЬ;ЛОЖЬ;0,010316099;1
suntory;9;26.12.2018;suntory;ЛОЖЬ;ЛОЖЬ;ЛОЖЬ;ЛОЖЬ;ЛОЖЬ;0,007923641;1
victor;45;26.12.2018;victor;ЛОЖЬ;ЛОЖЬ;ЛОЖЬ;ЛОЖЬ;ЛОЖЬ;0,022316722;1
Maison Briottet Creme de Framboise;0;26.12.2018;maison briottet creme de framboise;ЛОЖЬ;ЛОЖЬ;ЛОЖЬ;ЛОЖЬ;ЛОЖЬ;0,0159231;1
Armenia Drv Red Wine;0;26.12.2018;armenia drv red wine;ЛОЖЬ;ЛОЖЬ;ЛОЖЬ;ЛОЖЬ;ЛОЖЬ;0,024571869;1
Брют;45;26.12.2018;brut;ИСТИНА;ИСТИНА;ЛОЖЬ;ЛОЖЬ;ЛОЖЬ;0,009893742;1
Ardbeg;7;26.12.2018;ardbeg;ЛОЖЬ;ЛОЖЬ;ЛОЖЬ;ЛОЖЬ;ЛОЖЬ;0,023493816;1
Тини россо;10;26.12.2018;тини россо;ЛОЖЬ;ЛОЖЬ;ЛОЖЬ;ЛОЖЬ;ЛОЖЬ;0,023337284;1
Фанагория;45;26.12.2018;fanagoria;ИСТИНА;ИСТИНА;ЛОЖЬ;ЛОЖЬ;ЛОЖЬ;0,027126599;1
10л;24;26.12.2018;10л;ЛОЖЬ;ЛОЖЬ;ЛОЖЬ;ЛОЖЬ;ЛОЖЬ;0,027849492;1
Disaronno;7;26.12.2018;disaronno;ЛОЖЬ;ЛОЖЬ;ЛОЖЬ;ЛОЖЬ;ЛОЖЬ;0,001044055;1
Veuve;45;26.12.2018;veuve;ЛОЖЬ;ЛОЖЬ;ЛОЖЬ;ЛОЖЬ;ЛОЖЬ;0,024488039;1
vs5010677211079;0;26.12.2018;vs5010677211079;ЛОЖЬ;ЛОЖЬ;ЛОЖЬ;ЛОЖЬ;ЛОЖЬ;0,022190028;1
С0616;0;26.12.2018;с0616;ЛОЖЬ;ЛОЖЬ;ЛОЖЬ;ЛОЖЬ;ЛОЖЬ;5,75263E-05;1
Naulin xo;0;25.12.2018;naulin xo;ЛОЖЬ;ЛОЖЬ;ЛОЖЬ;ЛОЖЬ;ЛОЖЬ;0,014711894;1
marcus;0;25.12.2018;marcus;ЛОЖЬ;ЛОЖЬ;ЛОЖЬ;ЛОЖЬ;ЛОЖЬ;0,000205107;1
Brora;0;25.12.2018;brora;ЛОЖЬ;ЛОЖЬ;ЛОЖЬ;ЛОЖЬ;ЛОЖЬ;0,01355072;1
Chablis;45;25.12.2018;chablis;ЛОЖЬ;ЛОЖЬ;ЛОЖЬ;ЛОЖЬ;ЛОЖЬ;0,017891003;1
canti asti;10;25.12.2018;canti asti;ЛОЖЬ;ЛОЖЬ;ЛОЖЬ;ЛОЖЬ;ЛОЖЬ;0,011695839;1
Санузен комфорт;0;25.12.2018;санузен comfort;ИСТИНА;ИСТИНА;ЛОЖЬ;ЛОЖЬ;ЛОЖЬ;0,018592394;1
Chianti di Fiesche;3;25.12.2018;chianti di fiesche;ЛОЖЬ;ЛОЖЬ;ЛОЖЬ;ЛОЖЬ;ЛОЖЬ;0,01775085;1
херес;45;25.12.2018;херес;ЛОЖЬ;ЛОЖЬ;ЛОЖЬ;ЛОЖЬ;ЛОЖЬ;0,001567699;1
Matsu El Picaro;5;25.12.2018;matsu el picaro;ЛОЖЬ;ЛОЖЬ;ЛОЖЬ;ЛОЖЬ;ЛОЖЬ;0,026779687;1
Херес;45;25.12.2018;херес;ЛОЖЬ;ЛОЖЬ;ЛОЖЬ;ЛОЖЬ;ЛОЖЬ;0,025396027;1
Torre de vila nova;1;25.12.2018;torre de vila nova;ЛОЖЬ;ЛОЖЬ;ЛОЖЬ;ЛОЖЬ;ЛОЖЬ;0,012767352;1
0,05;45;25.12.2018;0,05;ЛОЖЬ;ЛОЖЬ;ЛОЖЬ;ЛОЖЬ;ЛОЖЬ;0,020664153;1
анис;45;25.12.2018;анис;ЛОЖЬ;ЛОЖЬ;ЛОЖЬ;ЛОЖЬ;ЛОЖЬ;0,022384809;1
chianti riserva;45;25.12.2018;chianti riserva;ЛОЖЬ;ЛОЖЬ;ЛОЖЬ;ЛОЖЬ;ЛОЖЬ;0,008196673;1
каннонау;15;25.12.2018;cannonau;ИСТИНА;ИСТИНА;ЛОЖЬ;ЛОЖЬ;ЛОЖЬ;0,009408837;1
baron;14;25.12.2018;baron;ЛОЖЬ;ЛОЖЬ;ЛОЖЬ;ЛОЖЬ;ЛОЖЬ;0,014265457;1
гевюрцтраминер;45;25.12.2018;gewurztraminer;ИСТИНА;ИСТИНА;ЛОЖЬ;ЛОЖЬ;ЛОЖЬ;0,009242793;1
Goose;20;25.12.2018;goose;ЛОЖЬ;ЛОЖЬ;ЛОЖЬ;ЛОЖЬ;ЛОЖЬ;0,011571615;1
грей гуз;17;25.12.2018;грей гуз;ЛОЖЬ;ЛОЖЬ;ЛОЖЬ;ЛОЖЬ;ЛОЖЬ;0,020562584;1
Toucas;2;25.12.2018;toucas;ЛОЖЬ;ЛОЖЬ;ЛОЖЬ;ЛОЖЬ;ЛОЖЬ;0,028604691;1
Johnnie Walker Black Label 0,5L;2;25.12.2018;johnnie walker black label 0,5l;ЛОЖЬ;ЛОЖЬ;ЛОЖЬ;ЛОЖЬ;ЛОЖЬ;0,005424258;1
Ликер;45;25.12.2018;ликер;ЛОЖЬ;ЛОЖЬ;ЛОЖЬ;ЛОЖЬ;ЛОЖЬ;0,005842359;1
макаллан;22;25.12.2018;macallan;ИСТИНА;ИСТИНА;ЛОЖЬ;ЛОЖЬ;ЛОЖЬ;0,005286545;1
douro tinto;10;25.12.2018;douro tinto;ЛОЖЬ;ЛОЖЬ;ЛОЖЬ;ЛОЖЬ;ЛОЖЬ;0,016455103;1
contessa carola gran dessert vino spumante dolce 0.75 l;0;25.12.2018;contessa carola gran dessert vino spumante dolce 0.75 l;ЛОЖЬ;ЛОЖЬ;ЛОЖЬ;ЛОЖЬ;ЛОЖЬ;0,00965779;1
pinot grigio;18;25.12.2018;pinot grigio;ЛОЖЬ;ЛОЖЬ;ЛОЖЬ;ЛОЖЬ;ЛОЖЬ;0,012465486;1
Водка Борис Ельцин;0;25.12.2018;водка борис ельцин;ЛОЖЬ;ЛОЖЬ;ЛОЖЬ;ЛОЖЬ;ЛОЖЬ;0,018259601;1
Sangria;1;25.12.2018;sangria;ЛОЖЬ;ЛОЖЬ;ЛОЖЬ;ЛОЖЬ;ЛОЖЬ;0,002248124;1
Entre deux mers;16;25.12.2018;entre deux mers;ЛОЖЬ;ЛОЖЬ;ЛОЖЬ;ЛОЖЬ;ЛОЖЬ;0,021051194;1
Old monk;3;25.12.2018;old monk;ЛОЖЬ;ЛОЖЬ;ЛОЖЬ;ЛОЖЬ;ЛОЖЬ;0,003575201;1
Prosecco;45;25.12.2018;prosecco;ЛОЖЬ;ЛОЖЬ;ЛОЖЬ;ЛОЖЬ;ЛОЖЬ;0,003300793;1
Prosecco;45;25.12.2018;prosecco;ЛОЖЬ;ЛОЖЬ;ЛОЖЬ;ЛОЖЬ;ЛОЖЬ;0,007316143;1
кампари;3;25.12.2018;campari;ИСТИНА;ИСТИНА;ЛОЖЬ;ЛОЖЬ;ЛОЖЬ;0,008435477;1
джин;45;25.12.2018;джин;ЛОЖЬ;ЛОЖЬ;ЛОЖЬ;ЛОЖЬ;ЛОЖЬ;0,02869086;1
Мини 0,05;0;24.12.2018;мини 0,05;ЛОЖЬ;ЛОЖЬ;ЛОЖЬ;ЛОЖЬ;ЛОЖЬ;0,019945821;1
belgian;6;24.12.2018;belgian;ЛОЖЬ;ЛОЖЬ;ЛОЖЬ;ЛОЖЬ;ЛОЖЬ;0,007052262;1
tinuta ripa magna;0;24.12.2018;tinuta ripa magna;ЛОЖЬ;ЛОЖЬ;ЛОЖЬ;ЛОЖЬ;ЛОЖЬ;0,002783157;1
tenuta ripa magna;0;24.12.2018;tenuta ripa magna;ЛОЖЬ;ЛОЖЬ;ЛОЖЬ;ЛОЖЬ;ЛОЖЬ;0,018414407;1
Le Pergole Torte;3;24.12.2018;le pergole torte;ЛОЖЬ;ЛОЖЬ;ЛОЖЬ;ЛОЖЬ;ЛОЖЬ;0,018554422;1
cliq;0;24.12.2018;cliq;ЛОЖЬ;ЛОЖЬ;ЛОЖЬ;ЛОЖЬ;ЛОЖЬ;0,011534054;1
подарочные наборы;0;24.12.2018;подарочные наборы;ЛОЖЬ;ЛОЖЬ;ЛОЖЬ;ЛОЖЬ;ЛОЖЬ;0,016848332;1
Коньяк;45;24.12.2018;коньяк;ЛОЖЬ;ЛОЖЬ;ЛОЖЬ;ЛОЖЬ;ЛОЖЬ;0,023975001;1
Martell;45;24.12.2018;martell;ЛОЖЬ;ЛОЖЬ;ЛОЖЬ;ЛОЖЬ;ЛОЖЬ;0,014511721;1
Martell;45;24.12.2018;martell;ЛОЖЬ;ЛОЖЬ;ЛОЖЬ;ЛОЖЬ;ЛОЖЬ;0,001643191;1
хванчкара;0;24.12.2018;хванчкара;ЛОЖЬ;ЛОЖЬ;ЛОЖЬ;ЛОЖЬ;ЛОЖЬ;0,01424787;1
chateau lagrange;9;24.12.2018;chateau lagrange;ЛОЖЬ;ЛОЖЬ;ЛОЖЬ;ЛОЖЬ;ЛОЖЬ;0,019186544;1
Абсолют;18;24.12.2018;абсолют;ЛОЖЬ;ЛОЖЬ;ЛОЖЬ;ЛОЖЬ;ЛОЖЬ;0,008823541;1
Гренадин;4;24.12.2018;гренадин;ЛОЖЬ;ЛОЖЬ;ЛОЖЬ;ЛОЖЬ;ЛОЖЬ;0,021093751;1
ok018217;1;24.12.2018;ok018217;ЛОЖЬ;ЛОЖЬ;ЛОЖЬ;ЛОЖЬ;ЛОЖЬ;0,001231791;1
Вин санто;0;24.12.2018;вин санто;ЛОЖЬ;ЛОЖЬ;ЛОЖЬ;ЛОЖЬ;ЛОЖЬ;0,007242817;1
laphroaig;5;24.12.2018;laphroaig;ЛОЖЬ;ЛОЖЬ;ЛОЖЬ;ЛОЖЬ;ЛОЖЬ;0,005619801;1
Водка калашников;0;24.12.2018;водка калашников;ЛОЖЬ;ЛОЖЬ;ЛОЖЬ;ЛОЖЬ;ЛОЖЬ;0,026818413;1
Шабли;45;24.12.2018;chablis;ИСТИНА;ИСТИНА;ЛОЖЬ;ЛОЖЬ;ЛОЖЬ;0,016336802;1
25 лет;45;24.12.2018;25 лет;ЛОЖЬ;ЛОЖЬ;ЛОЖЬ;ЛОЖЬ;ЛОЖЬ;0,001243533;1
абрау;45;24.12.2018;абрау;ЛОЖЬ;ЛОЖЬ;ЛОЖЬ;ЛОЖЬ;ЛОЖЬ;0,025020306;1
Winemaker's Secret Barrels red;0;24.12.2018;winemaker's secret barrels red;ЛОЖЬ;ЛОЖЬ;ЛОЖЬ;ЛОЖЬ;ЛОЖЬ;0,011453615;1
chivas regal;22;24.12.2018;chivas regal;ЛОЖЬ;ЛОЖЬ;ЛОЖЬ;ЛОЖЬ;ЛОЖЬ;0,013898313;1
ракия;27;24.12.2018;ракия;ЛОЖЬ;ЛОЖЬ;ЛОЖЬ;ЛОЖЬ;ЛОЖЬ;0,015885725;1
аристов;9;24.12.2018;аристов;ЛОЖЬ;ЛОЖЬ;ЛОЖЬ;ЛОЖЬ;ЛОЖЬ;0,027270321;1
white label;11;24.12.2018;white label;ЛОЖЬ;ЛОЖЬ;ЛОЖЬ;ЛОЖЬ;ЛОЖЬ;0,011631618;1
chivas regal;22;24.12.2018;chivas regal;ЛОЖЬ;ЛОЖЬ;ЛОЖЬ;ЛОЖЬ;ЛОЖЬ;0,001757751;1
Кальвадос;45;24.12.2018;кальвадос;ЛОЖЬ;ЛОЖЬ;ЛОЖЬ;ЛОЖЬ;ЛОЖЬ;0,022935889;1
Кальвадос;45;24.12.2018;кальвадос;ЛОЖЬ;ЛОЖЬ;ЛОЖЬ;ЛОЖЬ;ЛОЖЬ;0,010161447;1
Mozart;7;24.12.2018;mozart;ЛОЖЬ;ЛОЖЬ;ЛОЖЬ;ЛОЖЬ;ЛОЖЬ;0,016495124;1
кальвадос;45;23.12.2018;кальвадос;ЛОЖЬ;ЛОЖЬ;ЛОЖЬ;ЛОЖЬ;ЛОЖЬ;0,023080529;1
амаретто;28;23.12.2018;amaretto;ИСТИНА;ИСТИНА;ЛОЖЬ;ЛОЖЬ;ЛОЖЬ;0,011344812;1
 acquesi asti;3;23.12.2018;acquesi asti;ЛОЖЬ;ЛОЖЬ;ЛОЖЬ;ЛОЖЬ;ЛОЖЬ;0,024162448;1
Philipp Kuhn;12;23.12.2018;philipp kuhn;ЛОЖЬ;ЛОЖЬ;ЛОЖЬ;ЛОЖЬ;ЛОЖЬ;0,010976619;1
terre allegre;5;23.12.2018;terre allegre;ЛОЖЬ;ЛОЖЬ;ЛОЖЬ;ЛОЖЬ;ЛОЖЬ;0,020796702;1
Сидр;45;23.12.2018;сидр;ЛОЖЬ;ЛОЖЬ;ЛОЖЬ;ЛОЖЬ;ЛОЖЬ;0,028994749;1
Mont Marcal Cuvee Noire;1;23.12.2018;mont marcal cuvee noire;ЛОЖЬ;ЛОЖЬ;ЛОЖЬ;ЛОЖЬ;ЛОЖЬ;0,006126468;1
Вермут;42;23.12.2018;вермут;ЛОЖЬ;ЛОЖЬ;ЛОЖЬ;ЛОЖЬ;ЛОЖЬ;0,008718956;1
мухрани;23;23.12.2018;mukhrani;ИСТИНА;ИСТИНА;ЛОЖЬ;ЛОЖЬ;ЛОЖЬ;0,002977051;1
Абсент;22;23.12.2018;абсент;ЛОЖЬ;ЛОЖЬ;ЛОЖЬ;ЛОЖЬ;ЛОЖЬ;0,010403367;1
Блю круасао;0;23.12.2018;blue круасао;ИСТИНА;ИСТИНА;ЛОЖЬ;ЛОЖЬ;ЛОЖЬ;0,013637488;1
Blue;45;23.12.2018;blue;ЛОЖЬ;ЛОЖЬ;ЛОЖЬ;ЛОЖЬ;ЛОЖЬ;0,013065962;1
пунш;4;23.12.2018;punch;ИСТИНА;ИСТИНА;ЛОЖЬ;ЛОЖЬ;ЛОЖЬ;0,008935119;1
Уоркъ;0;23.12.2018;уоркъ;ЛОЖЬ;ЛОЖЬ;ЛОЖЬ;ЛОЖЬ;ЛОЖЬ;0,016659345;1
Somni;1;22.12.2018;somni;ЛОЖЬ;ЛОЖЬ;ЛОЖЬ;ЛОЖЬ;ЛОЖЬ;0,01669406;1
Персиковый шеапс;0;22.12.2018;персиковый шнапс;ИСТИНА;ЛОЖЬ;ЛОЖЬ;ЛОЖЬ;ИСТИНА;0,022540632;1
Мини бутылочки алкоголя;0;22.12.2018;мини бутылочки алкоголя;ЛОЖЬ;ЛОЖЬ;ЛОЖЬ;ЛОЖЬ;ЛОЖЬ;0,023984346;1
Фантинель Просекко Брют Миллезимато;4;22.12.2018;фантинель просекко брют миллезимато;ЛОЖЬ;ЛОЖЬ;ЛОЖЬ;ЛОЖЬ;ЛОЖЬ;0,013570127;1
Абрау-Дюрсо Брют 0,75 л;15;22.12.2018;абрау-дюрсо брют 0,75 л;ЛОЖЬ;ЛОЖЬ;ЛОЖЬ;ЛОЖЬ;ЛОЖЬ;0,024315757;1
Prosecco;45;22.12.2018;prosecco;ЛОЖЬ;ЛОЖЬ;ЛОЖЬ;ЛОЖЬ;ЛОЖЬ;0,024806104;1
Peter mertes;20;22.12.2018;peter mertes;ЛОЖЬ;ЛОЖЬ;ЛОЖЬ;ЛОЖЬ;ЛОЖЬ;0,008377842;1
Nodus en la parra valencia;1;22.12.2018;nodus en la parra valencia;ЛОЖЬ;ЛОЖЬ;ЛОЖЬ;ЛОЖЬ;ЛОЖЬ;0,028470165;1
Avivo;0;22.12.2018;aviva;ИСТИНА;ЛОЖЬ;ЛОЖЬ;ЛОЖЬ;ЛОЖЬ;0,026818625;1
pear;45;22.12.2018;pear;ЛОЖЬ;ЛОЖЬ;ЛОЖЬ;ЛОЖЬ;ЛОЖЬ;0,014031117;1
La Capra pinotage 2016;1;22.12.2018;la capra pinotage 2016;ЛОЖЬ;ЛОЖЬ;ЛОЖЬ;ЛОЖЬ;ЛОЖЬ;0,02718865;1
Усадьба дивноморское;19;22.12.2018;усадьба дивноморское;ЛОЖЬ;ЛОЖЬ;ЛОЖЬ;ЛОЖЬ;ЛОЖЬ;0,015169244;1
Онегин;8;22.12.2018;онегин;ЛОЖЬ;ЛОЖЬ;ЛОЖЬ;ЛОЖЬ;ЛОЖЬ;0,00984611;1
Comte de Chamberi;2;22.12.2018;comte de chamberi;ЛОЖЬ;ЛОЖЬ;ЛОЖЬ;ЛОЖЬ;ЛОЖЬ;0,018892124;1
Водку;0;22.12.2018;водку;ЛОЖЬ;ЛОЖЬ;ЛОЖЬ;ЛОЖЬ;ЛОЖЬ;0,001000959;1
Malbec;45;21.12.2018;malbec;ЛОЖЬ;ЛОЖЬ;ЛОЖЬ;ЛОЖЬ;ЛОЖЬ;0,018118715;1
ром баккарди;0;21.12.2018;ром bacardi;ИСТИНА;ИСТИНА;ЛОЖЬ;ЛОЖЬ;ЛОЖЬ;0,017060661;1
Zanna;3;21.12.2018;zanna;ЛОЖЬ;ЛОЖЬ;ЛОЖЬ;ЛОЖЬ;ЛОЖЬ;0,021087727;1
аквавит;15;21.12.2018;аквавит;ЛОЖЬ;ЛОЖЬ;ЛОЖЬ;ЛОЖЬ;ЛОЖЬ;0,027226961;1
shato leoville;0;21.12.2018;shato leoville;ЛОЖЬ;ЛОЖЬ;ЛОЖЬ;ЛОЖЬ;ЛОЖЬ;0,024188907;1
prosecco;45;21.12.2018;prosecco;ЛОЖЬ;ЛОЖЬ;ЛОЖЬ;ЛОЖЬ;ЛОЖЬ;0,009959664;1
NV Le Contesse Prosecco Brut;0;21.12.2018;nv le contesse prosecco brut;ЛОЖЬ;ЛОЖЬ;ЛОЖЬ;ЛОЖЬ;ЛОЖЬ;0,000156289;1
Jack d;45;21.12.2018;jack d;ЛОЖЬ;ЛОЖЬ;ЛОЖЬ;ЛОЖЬ;ЛОЖЬ;0,024486493;1
юбилейная;45;21.12.2018;юбилейная;ЛОЖЬ;ЛОЖЬ;ЛОЖЬ;ЛОЖЬ;ЛОЖЬ;0,006010893;1
вдова клико;25;21.12.2018;вдова клико;ЛОЖЬ;ЛОЖЬ;ЛОЖЬ;ЛОЖЬ;ЛОЖЬ;0,014555241;1
Aberlour;4;21.12.2018;aberlour;ЛОЖЬ;ЛОЖЬ;ЛОЖЬ;ЛОЖЬ;ЛОЖЬ;0,020743587;1
ST23810;1;21.12.2018;st23810;ЛОЖЬ;ЛОЖЬ;ЛОЖЬ;ЛОЖЬ;ЛОЖЬ;0,02881064;1
фруктовое вино;11;21.12.2018;фруктовое вино;ЛОЖЬ;ЛОЖЬ;ЛОЖЬ;ЛОЖЬ;ЛОЖЬ;0,015577276;1
Asti Mondoro 0,75L (Асти Мондоро 0,75 л) в подарочной упаковке;2;21.12.2018;Asti Mondoro 0,75L (Асти Мондоро 0,75 л) в подарочной упаковке;ЛОЖЬ;ЛОЖЬ;ЛОЖЬ;ЛОЖЬ;ЛОЖЬ;0,027919879;1
реми марти;25;21.12.2018;remy март и;ИСТИНА;ИСТИНА;ЛОЖЬ;ИСТИНА;ЛОЖЬ;0,018131635;1
Jeger;0;21.12.2018;jeger;ЛОЖЬ;ЛОЖЬ;ЛОЖЬ;ЛОЖЬ;ЛОЖЬ;0,026626245;1
Портвейн;76;21.12.2018;портвейн;ЛОЖЬ;ЛОЖЬ;ЛОЖЬ;ЛОЖЬ;ЛОЖЬ;0,020042777;1
Macallan;45;21.12.2018;macallan;ЛОЖЬ;ЛОЖЬ;ЛОЖЬ;ЛОЖЬ;ЛОЖЬ;0,002764012;1
an cnoc;6;21.12.2018;an cnoc;ЛОЖЬ;ЛОЖЬ;ЛОЖЬ;ЛОЖЬ;ЛОЖЬ;0,023021042;1
Граппа;45;21.12.2018;граппа;ЛОЖЬ;ЛОЖЬ;ЛОЖЬ;ЛОЖЬ;ЛОЖЬ;0,024044507;1
 Cava;20;21.12.2018;cava;ЛОЖЬ;ЛОЖЬ;ЛОЖЬ;ЛОЖЬ;ЛОЖЬ;0,005458816;1
вишнёвый ликёр;0;21.12.2018;вишнёвый ликёр;ЛОЖЬ;ЛОЖЬ;ЛОЖЬ;ЛОЖЬ;ЛОЖЬ;0,027881812;1
La Gitana Manzanilla;0;21.12.2018;la gitana manzanilla;ЛОЖЬ;ЛОЖЬ;ЛОЖЬ;ЛОЖЬ;ЛОЖЬ;0,016644626;1
panarroz;1;21.12.2018;panarroz;ЛОЖЬ;ЛОЖЬ;ЛОЖЬ;ЛОЖЬ;ЛОЖЬ;0,019184884;1
la trappe;0;21.12.2018;la trappe;ЛОЖЬ;ЛОЖЬ;ЛОЖЬ;ЛОЖЬ;ЛОЖЬ;0,021925109;1
кардинал;16;21.12.2018;cardinal;ИСТИНА;ИСТИНА;ЛОЖЬ;ЛОЖЬ;ЛОЖЬ;0,026875586;1
очаковский;4;21.12.2018;очаковский;ЛОЖЬ;ЛОЖЬ;ЛОЖЬ;ЛОЖЬ;ЛОЖЬ;0,027982355;1
Casa sancho;8;21.12.2018;casa sancho;ЛОЖЬ;ЛОЖЬ;ЛОЖЬ;ЛОЖЬ;ЛОЖЬ;0,023578184;1
Пастис;0;21.12.2018;пастис;ЛОЖЬ;ЛОЖЬ;ЛОЖЬ;ЛОЖЬ;ЛОЖЬ;0,007682743;1
Alma valley;1;21.12.2018;alma valley;ЛОЖЬ;ЛОЖЬ;ЛОЖЬ;ЛОЖЬ;ЛОЖЬ;0,027909639;1
Миниатюры;0;21.12.2018;миниатюры;ЛОЖЬ;ЛОЖЬ;ЛОЖЬ;ЛОЖЬ;ЛОЖЬ;0,022763871;1
passion;45;21.12.2018;passion;ЛОЖЬ;ЛОЖЬ;ЛОЖЬ;ЛОЖЬ;ЛОЖЬ;0,018260631;1
muscadet sevre et maine;34;20.12.2018;muscadet sevre et maine;ЛОЖЬ;ЛОЖЬ;ЛОЖЬ;ЛОЖЬ;ЛОЖЬ;0,02509398;1
st22603;1;20.12.2018;st22603;ЛОЖЬ;ЛОЖЬ;ЛОЖЬ;ЛОЖЬ;ЛОЖЬ;0,0177723;1
Lagavulin;4;20.12.2018;lagavulin;ЛОЖЬ;ЛОЖЬ;ЛОЖЬ;ЛОЖЬ;ЛОЖЬ;0,017513479;1
don cristobal;0;20.12.2018;don cristobal;ЛОЖЬ;ЛОЖЬ;ЛОЖЬ;ЛОЖЬ;ЛОЖЬ;0,012274908;1
tanners;0;20.12.2018;tanners;ЛОЖЬ;ЛОЖЬ;ЛОЖЬ;ЛОЖЬ;ЛОЖЬ;0,020575534;1
ruinart;25;20.12.2018;ruinart;ЛОЖЬ;ЛОЖЬ;ЛОЖЬ;ЛОЖЬ;ЛОЖЬ;0,027738182;1
Pure Malbec;0;20.12.2018;pure malbec;ЛОЖЬ;ЛОЖЬ;ЛОЖЬ;ЛОЖЬ;ЛОЖЬ;0,012092029;1
Сфтеш;0;20.12.2018;canti;ИСТИНА;ЛОЖЬ;ИСТИНА;ЛОЖЬ;ЛОЖЬ;0,025531573;1
lluerna;2;20.12.2018;lluerna;ЛОЖЬ;ЛОЖЬ;ЛОЖЬ;ЛОЖЬ;ЛОЖЬ;0,022969366;1
MAS DEL PERIE;2;20.12.2018;mas del perie;ЛОЖЬ;ЛОЖЬ;ЛОЖЬ;ЛОЖЬ;ЛОЖЬ;0,019447523;1
Ламбруско;45;20.12.2018;lambrusco;ИСТИНА;ИСТИНА;ЛОЖЬ;ЛОЖЬ;ЛОЖЬ;0,027604472;1
мараскино;4;20.12.2018;мараскино;ЛОЖЬ;ЛОЖЬ;ЛОЖЬ;ЛОЖЬ;ЛОЖЬ;0,01675143;1
Cahor;32;20.12.2018;cahors;ИСТИНА;ЛОЖЬ;ЛОЖЬ;ЛОЖЬ;ИСТИНА;0,015212419;1
Винапенья;3;20.12.2018;винапенья;ЛОЖЬ;ЛОЖЬ;ЛОЖЬ;ЛОЖЬ;ЛОЖЬ;0,018697412;1
Italo Cescon;20;20.12.2018;italo cescon;ЛОЖЬ;ЛОЖЬ;ЛОЖЬ;ЛОЖЬ;ЛОЖЬ;0,026013483;1
murphy goode;6;20.12.2018;murphy goode;ЛОЖЬ;ЛОЖЬ;ЛОЖЬ;ЛОЖЬ;ЛОЖЬ;0,011281228;1
Lambrusco Bianco;39;20.12.2018;lambrusco bianco;ЛОЖЬ;ЛОЖЬ;ЛОЖЬ;ЛОЖЬ;ЛОЖЬ;0,027324048;1
Brut;45;20.12.2018;brut;ЛОЖЬ;ЛОЖЬ;ЛОЖЬ;ЛОЖЬ;ЛОЖЬ;0,003097512;1
Страна камней;28;20.12.2018;страна камней;ЛОЖЬ;ЛОЖЬ;ЛОЖЬ;ЛОЖЬ;ЛОЖЬ;0,003552178;1
Aviva;21;20.12.2018;aviva;ЛОЖЬ;ЛОЖЬ;ЛОЖЬ;ЛОЖЬ;ЛОЖЬ;0,023731533;1
Aviva;4;20.12.2018;aviva;ЛОЖЬ;ЛОЖЬ;ЛОЖЬ;ЛОЖЬ;ЛОЖЬ;0,012652824;1
шампанское;45;20.12.2018;шампанское;ЛОЖЬ;ЛОЖЬ;ЛОЖЬ;ЛОЖЬ;ЛОЖЬ;0,007289053;1
Глехури;0;20.12.2018;глехури;ЛОЖЬ;ЛОЖЬ;ЛОЖЬ;ЛОЖЬ;ЛОЖЬ;0,017217226;1
Маккалан 18;0;20.12.2018;маккалан 18;ЛОЖЬ;ЛОЖЬ;ЛОЖЬ;ЛОЖЬ;ЛОЖЬ;0,02171074;1
Коньяк Хеннесси VSOP;0;20.12.2018;коньяк хеннесси vsop;ЛОЖЬ;ЛОЖЬ;ЛОЖЬ;ЛОЖЬ;ЛОЖЬ;0,006918809;1
duquesa pedro ximenez sherry;0;20.12.2018;duquesa pedro ximenez sherry;ЛОЖЬ;ЛОЖЬ;ЛОЖЬ;ЛОЖЬ;ЛОЖЬ;0,017917377;1
altropasso;0;20.12.2018;altropasso;ЛОЖЬ;ЛОЖЬ;ЛОЖЬ;ЛОЖЬ;ЛОЖЬ;0,024225386;1
Blue Curacao;13;20.12.2018;blue curacao;ЛОЖЬ;ЛОЖЬ;ЛОЖЬ;ЛОЖЬ;ЛОЖЬ;0,000551693;1
Epicuro primitivo;0;20.12.2018;epicuro primitivo;ЛОЖЬ;ЛОЖЬ;ЛОЖЬ;ЛОЖЬ;ЛОЖЬ;0,012637114;1
Canti Италия;0;20.12.2018;canti италия;ЛОЖЬ;ЛОЖЬ;ЛОЖЬ;ЛОЖЬ;ЛОЖЬ;0,028993846;1
Cocoa;4;20.12.2018;cocoa;ЛОЖЬ;ЛОЖЬ;ЛОЖЬ;ЛОЖЬ;ЛОЖЬ;0,010163282;1
ge17145;1;20.12.2018;ge17145;ЛОЖЬ;ЛОЖЬ;ЛОЖЬ;ЛОЖЬ;ЛОЖЬ;0,000906294;1
Bacano;0;20.12.2018;bacano;ЛОЖЬ;ЛОЖЬ;ЛОЖЬ;ЛОЖЬ;ЛОЖЬ;0,015453273;1
портвейн;79;20.12.2018;портвейн;ЛОЖЬ;ЛОЖЬ;ЛОЖЬ;ЛОЖЬ;ЛОЖЬ;0,001516691;1
Frizzante;31;20.12.2018;frizzante;ЛОЖЬ;ЛОЖЬ;ЛОЖЬ;ЛОЖЬ;ЛОЖЬ;0,013174857;1
 Sauza;9;20.12.2018;sauza;ЛОЖЬ;ЛОЖЬ;ЛОЖЬ;ЛОЖЬ;ЛОЖЬ;0,018618255;1
Шериданс;4;20.12.2018;sheridan's;ИСТИНА;ИСТИНА;ЛОЖЬ;ЛОЖЬ;ЛОЖЬ;0,01395658;1
MB0209002;1;19.12.2018;mb0209002;ЛОЖЬ;ЛОЖЬ;ЛОЖЬ;ЛОЖЬ;ЛОЖЬ;0,013261351;1
перно ре;3;19.12.2018;perno ре;ИСТИНА;ИСТИНА;ЛОЖЬ;ЛОЖЬ;ЛОЖЬ;0,009541469;1
champagne lanson;0;19.12.2018;champagne lanson;ЛОЖЬ;ЛОЖЬ;ЛОЖЬ;ЛОЖЬ;ЛОЖЬ;0,021487094;1
  Chateau Lafont Bordeaux 2016;0;19.12.2018;chateau lafont bordeaux 2016;ЛОЖЬ;ЛОЖЬ;ЛОЖЬ;ЛОЖЬ;ЛОЖЬ;0,025735297;1
Canti;45;19.12.2018;canti;ЛОЖЬ;ЛОЖЬ;ЛОЖЬ;ЛОЖЬ;ЛОЖЬ;0,020167808;1
Riga Black Balsam;8;19.12.2018;riga black balsam;ЛОЖЬ;ЛОЖЬ;ЛОЖЬ;ЛОЖЬ;ЛОЖЬ;0,025038568;1
Sanguineto;0;19.12.2018;sanguineto;ЛОЖЬ;ЛОЖЬ;ЛОЖЬ;ЛОЖЬ;ЛОЖЬ;0,015619497;1
макалл;45;19.12.2018;макалл;ЛОЖЬ;ЛОЖЬ;ЛОЖЬ;ЛОЖЬ;ЛОЖЬ;0,018935267;1
Kindzmarauli;1;19.12.2018;kindzmarauli;ЛОЖЬ;ЛОЖЬ;ЛОЖЬ;ЛОЖЬ;ЛОЖЬ;0,007840984;1
montepulciano;45;19.12.2018;montepulciano;ЛОЖЬ;ЛОЖЬ;ЛОЖЬ;ЛОЖЬ;ЛОЖЬ;0,025502755;1
Mud House;3;19.12.2018;mud house;ЛОЖЬ;ЛОЖЬ;ЛОЖЬ;ЛОЖЬ;ЛОЖЬ;0,026312317;1
rb1519;1;19.12.2018;rb1519;ЛОЖЬ;ЛОЖЬ;ЛОЖЬ;ЛОЖЬ;ЛОЖЬ;0,005986907;1
kwartel;2;19.12.2018;kwartel;ЛОЖЬ;ЛОЖЬ;ЛОЖЬ;ЛОЖЬ;ЛОЖЬ;0,013282423;1
Франчакорта Кюве Престиж;8;19.12.2018;франчакорта кюве престиж;ЛОЖЬ;ЛОЖЬ;ЛОЖЬ;ЛОЖЬ;ЛОЖЬ;0,008962549;1
Лансон;39;19.12.2018;lanson;ИСТИНА;ИСТИНА;ЛОЖЬ;ЛОЖЬ;ЛОЖЬ;0,018444409;1
Fragolino;14;19.12.2018;fragolino;ЛОЖЬ;ЛОЖЬ;ЛОЖЬ;ЛОЖЬ;ЛОЖЬ;0,023878472;1
Фраголино;13;19.12.2018;fragolino;ИСТИНА;ИСТИНА;ЛОЖЬ;ЛОЖЬ;ЛОЖЬ;0,017802471;1
1999;45;19.12.2018;1999;ЛОЖЬ;ЛОЖЬ;ЛОЖЬ;ЛОЖЬ;ЛОЖЬ;0,018566539;1
Трипл сек;19;19.12.2018;трипл сек;ЛОЖЬ;ЛОЖЬ;ЛОЖЬ;ЛОЖЬ;ЛОЖЬ;0,007468929;1
De kuyper;31;19.12.2018;de kuyper;ЛОЖЬ;ЛОЖЬ;ЛОЖЬ;ЛОЖЬ;ЛОЖЬ;0,009299977;1
Сироп;14;19.12.2018;сироп;ЛОЖЬ;ЛОЖЬ;ЛОЖЬ;ЛОЖЬ;ЛОЖЬ;0,00701928;1
Beylies;0;19.12.2018;beylies;ЛОЖЬ;ЛОЖЬ;ЛОЖЬ;ЛОЖЬ;ЛОЖЬ;0,010775802;1
Berton Vineyards,;0;19.12.2018;berton vineyards,;ЛОЖЬ;ЛОЖЬ;ЛОЖЬ;ЛОЖЬ;ЛОЖЬ;0,016608204;1
ws5240;0;19.12.2018;ws5240;ЛОЖЬ;ЛОЖЬ;ЛОЖЬ;ЛОЖЬ;ЛОЖЬ;0,005643788;1
Bushmills Black Bush;1;19.12.2018;bushmills black bush;ЛОЖЬ;ЛОЖЬ;ЛОЖЬ;ЛОЖЬ;ЛОЖЬ;0,016572611;1
lambrusco;45;19.12.2018;lambrusco;ЛОЖЬ;ЛОЖЬ;ЛОЖЬ;ЛОЖЬ;ЛОЖЬ;0,007075767;1
вино;45;19.12.2018;вино;ЛОЖЬ;ЛОЖЬ;ЛОЖЬ;ЛОЖЬ;ЛОЖЬ;0,016131432;1
даманские вина;0;19.12.2018;даманские вина;ЛОЖЬ;ЛОЖЬ;ЛОЖЬ;ЛОЖЬ;ЛОЖЬ;0,027972315;1
Lanson;39;19.12.2018;lanson;ЛОЖЬ;ЛОЖЬ;ЛОЖЬ;ЛОЖЬ;ЛОЖЬ;0,011565581;1
KWV;45;19.12.2018;kwv;ЛОЖЬ;ЛОЖЬ;ЛОЖЬ;ЛОЖЬ;ЛОЖЬ;0,023058738;1
les jamelles;8;19.12.2018;les jamelles;ЛОЖЬ;ЛОЖЬ;ЛОЖЬ;ЛОЖЬ;ЛОЖЬ;0,027554706;1
баккарди;0;19.12.2018;bacardi;ИСТИНА;ИСТИНА;ЛОЖЬ;ЛОЖЬ;ЛОЖЬ;0,011888499;1
коньяк армянский;45;19.12.2018;коньяк армянский;ЛОЖЬ;ЛОЖЬ;ЛОЖЬ;ЛОЖЬ;ЛОЖЬ;0,011070678;1
dr52459;0;19.12.2018;dr52459;ЛОЖЬ;ЛОЖЬ;ЛОЖЬ;ЛОЖЬ;ЛОЖЬ;0,013522017;1
Кагор канонический лоза;0;19.12.2018;кагор канонический лоза;ЛОЖЬ;ЛОЖЬ;ЛОЖЬ;ЛОЖЬ;ЛОЖЬ;0,02496046;1
Zacapa;4;19.12.2018;zacapa;ЛОЖЬ;ЛОЖЬ;ЛОЖЬ;ЛОЖЬ;ЛОЖЬ;0,001093128;1
st22705;1;19.12.2018;st22705;ЛОЖЬ;ЛОЖЬ;ЛОЖЬ;ЛОЖЬ;ЛОЖЬ;0,006425008;1
монтифо;45;19.12.2018;монтифо;ЛОЖЬ;ЛОЖЬ;ЛОЖЬ;ЛОЖЬ;ЛОЖЬ;0,0186155;1
джим бим;24;18.12.2018;джим бим;ЛОЖЬ;ЛОЖЬ;ЛОЖЬ;ЛОЖЬ;ЛОЖЬ;0,014254714;1
коньяк;45;18.12.2018;коньяк;ЛОЖЬ;ЛОЖЬ;ЛОЖЬ;ЛОЖЬ;ЛОЖЬ;0,013433617;1
Prosecco Spumant;27;18.12.2018;prosecco spumante;ИСТИНА;ЛОЖЬ;ЛОЖЬ;ЛОЖЬ;ИСТИНА;0,028647618;1
Lugana;22;18.12.2018;lugana;ЛОЖЬ;ЛОЖЬ;ЛОЖЬ;ЛОЖЬ;ЛОЖЬ;0,003297676;1
Pinot;35;18.12.2018;pinot;ЛОЖЬ;ЛОЖЬ;ЛОЖЬ;ЛОЖЬ;ЛОЖЬ;0,017664987;1
Pinot;69;18.12.2018;pinot;ЛОЖЬ;ЛОЖЬ;ЛОЖЬ;ЛОЖЬ;ЛОЖЬ;0,009475498;1
Ананасовый сок;0;18.12.2018;ананасовый сок;ЛОЖЬ;ЛОЖЬ;ЛОЖЬ;ЛОЖЬ;ЛОЖЬ;0,022478576;1
Асти;45;18.12.2018;asti;ИСТИНА;ИСТИНА;ЛОЖЬ;ЛОЖЬ;ЛОЖЬ;0,01228277;1
жан поль шене;14;18.12.2018;жан поль шене;ЛОЖЬ;ЛОЖЬ;ЛОЖЬ;ЛОЖЬ;ЛОЖЬ;0,018817043;1
Domaine de la Presidente,;0;18.12.2018;domaine de la presidente,;ЛОЖЬ;ЛОЖЬ;ЛОЖЬ;ЛОЖЬ;ЛОЖЬ;0,00657447;1
Paul Boutinot The Big Top Zinfandel;0;18.12.2018;paul boutinot the big top zinfandel;ЛОЖЬ;ЛОЖЬ;ЛОЖЬ;ЛОЖЬ;ЛОЖЬ;0,020668336;1
petnat;0;18.12.2018;pet nat;ИСТИНА;ЛОЖЬ;ЛОЖЬ;ИСТИНА;ЛОЖЬ;0,012256055;1
canti;0;18.12.2018;canti;ЛОЖЬ;ЛОЖЬ;ЛОЖЬ;ЛОЖЬ;ЛОЖЬ;0,004317341;1
Gancia prosseko;0;18.12.2018;gancia prosseko;ЛОЖЬ;ЛОЖЬ;ЛОЖЬ;ЛОЖЬ;ЛОЖЬ;0,024083896;1
Boira;1;18.12.2018;boira;ЛОЖЬ;ЛОЖЬ;ЛОЖЬ;ЛОЖЬ;ЛОЖЬ;0,021489256;1
Кальвадос;45;18.12.2018;кальвадос;ЛОЖЬ;ЛОЖЬ;ЛОЖЬ;ЛОЖЬ;ЛОЖЬ;0,019612043;1
jura;45;18.12.2018;jura;ЛОЖЬ;ЛОЖЬ;ЛОЖЬ;ЛОЖЬ;ЛОЖЬ;0,025207681;1
Moet 1,5;3;18.12.2018;moet 1,5;ЛОЖЬ;ЛОЖЬ;ЛОЖЬ;ЛОЖЬ;ЛОЖЬ;0,01176998;1
матсу;35;18.12.2018;matsu;ИСТИНА;ИСТИНА;ЛОЖЬ;ЛОЖЬ;ЛОЖЬ;0,012689174;1
Мегобари;45;18.12.2018;megobari;ИСТИНА;ИСТИНА;ЛОЖЬ;ЛОЖЬ;ЛОЖЬ;0,026369426;1
экпс73;0;18.12.2018;экпс73;ЛОЖЬ;ЛОЖЬ;ЛОЖЬ;ЛОЖЬ;ЛОЖЬ;0,008842404;1
Ром;33;18.12.2018;ром;ЛОЖЬ;ЛОЖЬ;ЛОЖЬ;ЛОЖЬ;ЛОЖЬ;0,006413234;1
саперави гагелани;0;17.12.2018;саперави гагелани;ЛОЖЬ;ЛОЖЬ;ЛОЖЬ;ЛОЖЬ;ЛОЖЬ;0,000273104;1
Canti asti;10;17.12.2018;canti asti;ЛОЖЬ;ЛОЖЬ;ЛОЖЬ;ЛОЖЬ;ЛОЖЬ;0,024302651;1
il grigio;45;17.12.2018;il grigio;ЛОЖЬ;ЛОЖЬ;ЛОЖЬ;ЛОЖЬ;ЛОЖЬ;0,005634987;1
Ragaeli;0;17.12.2018;ragaeli;ЛОЖЬ;ЛОЖЬ;ЛОЖЬ;ЛОЖЬ;ЛОЖЬ;0,015698011;1
полугар;38;17.12.2018;полугар;ЛОЖЬ;ЛОЖЬ;ЛОЖЬ;ЛОЖЬ;ЛОЖЬ;0,00682562;1
абрау;23;17.12.2018;абрау;ЛОЖЬ;ЛОЖЬ;ЛОЖЬ;ЛОЖЬ;ЛОЖЬ;0,028838268;1
балаклава;13;17.12.2018;балаклава;ЛОЖЬ;ЛОЖЬ;ЛОЖЬ;ЛОЖЬ;ЛОЖЬ;0,019154547;1
Шампанское;45;17.12.2018;шампанское;ЛОЖЬ;ЛОЖЬ;ЛОЖЬ;ЛОЖЬ;ЛОЖЬ;0,0251798;1
асканели;45;17.12.2018;askaneli;ИСТИНА;ИСТИНА;ЛОЖЬ;ЛОЖЬ;ЛОЖЬ;0,001081061;1
Вино сант;18;17.12.2018;вино сант;ЛОЖЬ;ЛОЖЬ;ЛОЖЬ;ЛОЖЬ;ЛОЖЬ;0,010432137;1
RB243;1;17.12.2018;rb243;ЛОЖЬ;ЛОЖЬ;ЛОЖЬ;ЛОЖЬ;ЛОЖЬ;0,014251673;1
GlencAdam 25 yars;0;17.12.2018;glencadam 25 years;ИСТИНА;ЛОЖЬ;ЛОЖЬ;ЛОЖЬ;ИСТИНА;0,015123345;1
Феликс Солис;12;17.12.2018;феликс солис;ЛОЖЬ;ЛОЖЬ;ЛОЖЬ;ЛОЖЬ;ЛОЖЬ;0,028111541;1
Изабелла;37;17.12.2018;изабелла;ЛОЖЬ;ЛОЖЬ;ЛОЖЬ;ЛОЖЬ;ЛОЖЬ;0,015852583;1
Propper 12;0;17.12.2018;propper 12;ЛОЖЬ;ЛОЖЬ;ЛОЖЬ;ЛОЖЬ;ЛОЖЬ;0,011043817;1
делисстмо;0;17.12.2018;делисстмо;ЛОЖЬ;ЛОЖЬ;ЛОЖЬ;ЛОЖЬ;ЛОЖЬ;0,003120489;1
мартини;45;17.12.2018;martini;ИСТИНА;ИСТИНА;ЛОЖЬ;ЛОЖЬ;ЛОЖЬ;0,002692934;1
монте клавихо виура;3;17.12.2018;монте клавихо виура;ЛОЖЬ;ЛОЖЬ;ЛОЖЬ;ЛОЖЬ;ЛОЖЬ;0,024368838;1
Сastillo dе Clavijo;1;17.12.2018;сastillo dе clavijo;ЛОЖЬ;ЛОЖЬ;ЛОЖЬ;ЛОЖЬ;ЛОЖЬ;0,004779294;1
gazela;5;17.12.2018;gazela;ЛОЖЬ;ЛОЖЬ;ЛОЖЬ;ЛОЖЬ;ЛОЖЬ;0,016281424;1
настойка сваяк мед и липа;0;17.12.2018;настойка сваяк мед и липа;ЛОЖЬ;ЛОЖЬ;ЛОЖЬ;ЛОЖЬ;ЛОЖЬ;0,002732727;1
Gancia;29;17.12.2018;gancia;ЛОЖЬ;ЛОЖЬ;ЛОЖЬ;ЛОЖЬ;ЛОЖЬ;0,017894366;1
Proseco Gancia;0;17.12.2018;proseco gancia;ЛОЖЬ;ЛОЖЬ;ЛОЖЬ;ЛОЖЬ;ЛОЖЬ;0,005811448;1
Гремисеули 0.5;0;17.12.2018;гремисеули 0.5;ЛОЖЬ;ЛОЖЬ;ЛОЖЬ;ЛОЖЬ;ЛОЖЬ;0,00383167;1
Пакет;13;17.12.2018;пакет;ЛОЖЬ;ЛОЖЬ;ЛОЖЬ;ЛОЖЬ;ЛОЖЬ;0,000632986;1
ST6302;0;17.12.2018;st6302;ЛОЖЬ;ЛОЖЬ;ЛОЖЬ;ЛОЖЬ;ЛОЖЬ;0,01506299;1
ST26088;0;17.12.2018;st26088;ЛОЖЬ;ЛОЖЬ;ЛОЖЬ;ЛОЖЬ;ЛОЖЬ;0,018208;1
Nebbiolo Metodo Classico;0;17.12.2018;nebbiolo metodo classico;ЛОЖЬ;ЛОЖЬ;ЛОЖЬ;ЛОЖЬ;ЛОЖЬ;0,018709128;1
Al Bano Carrisi;5;17.12.2018;al bano carrisi;ЛОЖЬ;ЛОЖЬ;ЛОЖЬ;ЛОЖЬ;ЛОЖЬ;0,021937617;1
Marlborough;45;17.12.2018;marlborough;ЛОЖЬ;ЛОЖЬ;ЛОЖЬ;ЛОЖЬ;ЛОЖЬ;0,016944831;1
Cari Lentozzi;8;17.12.2018;cari lentozzi;ЛОЖЬ;ЛОЖЬ;ЛОЖЬ;ЛОЖЬ;ЛОЖЬ;0,002001921;1
Alska;12;17.12.2018;alska;ЛОЖЬ;ЛОЖЬ;ЛОЖЬ;ЛОЖЬ;ЛОЖЬ;0,00100827;1
Zonin;15;17.12.2018;zonin;ЛОЖЬ;ЛОЖЬ;ЛОЖЬ;ЛОЖЬ;ЛОЖЬ;0,02324307;1
Голубое;3;17.12.2018;голубое;ЛОЖЬ;ЛОЖЬ;ЛОЖЬ;ЛОЖЬ;ЛОЖЬ;0,000937902;1
Black Velvet;0;17.12.2018;black velvet;ЛОЖЬ;ЛОЖЬ;ЛОЖЬ;ЛОЖЬ;ЛОЖЬ;0,003501831;1
шато тамань рислинг;2;17.12.2018;шато тамань riesling;ИСТИНА;ИСТИНА;ЛОЖЬ;ЛОЖЬ;ЛОЖЬ;0,012748016;1
C0218;1;17.12.2018;c0218;ЛОЖЬ;ЛОЖЬ;ЛОЖЬ;ЛОЖЬ;ЛОЖЬ;0,021929171;1
ST22422;1;17.12.2018;st22422;ЛОЖЬ;ЛОЖЬ;ЛОЖЬ;ЛОЖЬ;ЛОЖЬ;0,014131275;1
valdobbiadene prosecco;45;17.12.2018;valdobbiadene prosecco;ЛОЖЬ;ЛОЖЬ;ЛОЖЬ;ЛОЖЬ;ЛОЖЬ;0,002025982;1
Шампанское Крым;4;17.12.2018;шампанское крым;ЛОЖЬ;ЛОЖЬ;ЛОЖЬ;ЛОЖЬ;ЛОЖЬ;0,018915506;1
солнечная долина;29;16.12.2018;солнечная долина;ЛОЖЬ;ЛОЖЬ;ЛОЖЬ;ЛОЖЬ;ЛОЖЬ;0,018236567;1
Ambonnay;11;16.12.2018;ambonnay;ЛОЖЬ;ЛОЖЬ;ЛОЖЬ;ЛОЖЬ;ЛОЖЬ;0,010361845;1
alta vista;17;16.12.2018;alta vista;ЛОЖЬ;ЛОЖЬ;ЛОЖЬ;ЛОЖЬ;ЛОЖЬ;0,011445814;1
Wolf blasts yellow label;0;16.12.2018;wolf blass yellow label;ИСТИНА;ЛОЖЬ;ЛОЖЬ;ЛОЖЬ;ИСТИНА;0,017071667;1
Гентиана;0;16.12.2018;гентиана;ЛОЖЬ;ЛОЖЬ;ЛОЖЬ;ЛОЖЬ;ЛОЖЬ;0,023671726;1
преступлений;5;16.12.2018;преступлений;ЛОЖЬ;ЛОЖЬ;ЛОЖЬ;ЛОЖЬ;ЛОЖЬ;0,027970312;1
Виски;45;16.12.2018;виски;ЛОЖЬ;ЛОЖЬ;ЛОЖЬ;ЛОЖЬ;ЛОЖЬ;0,01491343;1
 Barale Fratelli;0;16.12.2018;barale fratelli;ЛОЖЬ;ЛОЖЬ;ЛОЖЬ;ЛОЖЬ;ЛОЖЬ;0,01469077;1
Хванчкара;32;16.12.2018;хванчкара;ЛОЖЬ;ЛОЖЬ;ЛОЖЬ;ЛОЖЬ;ЛОЖЬ;0,024926717;1
Brut;100;16.12.2018;brut;ЛОЖЬ;ЛОЖЬ;ЛОЖЬ;ЛОЖЬ;ЛОЖЬ;0,020382498;1
Черные глаза;1;16.12.2018;черные глаза;ЛОЖЬ;ЛОЖЬ;ЛОЖЬ;ЛОЖЬ;ЛОЖЬ;0,023102872;1
Terrazas Cabernet Sauvignon;4;16.12.2018;terrazas cabernet sauvignon;ЛОЖЬ;ЛОЖЬ;ЛОЖЬ;ЛОЖЬ;ЛОЖЬ;0,018620907;1
Ardbeg;7;16.12.2018;ardbeg;ЛОЖЬ;ЛОЖЬ;ЛОЖЬ;ЛОЖЬ;ЛОЖЬ;0,010908071;1
клюква на коньяке;6;16.12.2018;клюква на коньяке;ЛОЖЬ;ЛОЖЬ;ЛОЖЬ;ЛОЖЬ;ЛОЖЬ;0,012314473;1
Bartenura;6;16.12.2018;bartenura;ЛОЖЬ;ЛОЖЬ;ЛОЖЬ;ЛОЖЬ;ЛОЖЬ;0,013330089;1
Cono Sur Bicicleta Sauvignon Blanc;1;16.12.2018;cono sur bicicleta sauvignon blanc;ЛОЖЬ;ЛОЖЬ;ЛОЖЬ;ЛОЖЬ;ЛОЖЬ;0,0097274;1
Proper;2;16.12.2018;proper;ЛОЖЬ;ЛОЖЬ;ЛОЖЬ;ЛОЖЬ;ЛОЖЬ;0,001228045;1
Power;5;16.12.2018;power;ЛОЖЬ;ЛОЖЬ;ЛОЖЬ;ЛОЖЬ;ЛОЖЬ;0,018217876;1
Brut;100;16.12.2018;brut;ЛОЖЬ;ЛОЖЬ;ЛОЖЬ;ЛОЖЬ;ЛОЖЬ;0,023938454;1
абрау blanс de blancs;0;16.12.2018;абрау blanс de blancs;ЛОЖЬ;ЛОЖЬ;ЛОЖЬ;ЛОЖЬ;ЛОЖЬ;0,026797795;1
мекс 14036;0;16.12.2018;микс 14036;ИСТИНА;ЛОЖЬ;ЛОЖЬ;ЛОЖЬ;ИСТИНА;0,018922958;1
Le fronde;3;15.12.2018;le fronde;ЛОЖЬ;ЛОЖЬ;ЛОЖЬ;ЛОЖЬ;ЛОЖЬ;0,02435985;1
Глинтвейн;10;15.12.2018;глинтвейн;ЛОЖЬ;ЛОЖЬ;ЛОЖЬ;ЛОЖЬ;ЛОЖЬ;0,002775075;1
Lavetti;7;15.12.2018;lavetti;ЛОЖЬ;ЛОЖЬ;ЛОЖЬ;ЛОЖЬ;ЛОЖЬ;0,013991628;1
Ром;45;15.12.2018;ром;ЛОЖЬ;ЛОЖЬ;ЛОЖЬ;ЛОЖЬ;ЛОЖЬ;0,010298519;1
Ягирместер;0;15.12.2018;ягирместер;ЛОЖЬ;ЛОЖЬ;ЛОЖЬ;ЛОЖЬ;ЛОЖЬ;0,011384175;1
Meridian brandy vsop;0;15.12.2018;meridian brandy vsop;ЛОЖЬ;ЛОЖЬ;ЛОЖЬ;ЛОЖЬ;ЛОЖЬ;0,021359776;1
Арманьяк;45;15.12.2018;арманьяк;ЛОЖЬ;ЛОЖЬ;ЛОЖЬ;ЛОЖЬ;ЛОЖЬ;0,027785875;1
Апаран;5;15.12.2018;aparan;ИСТИНА;ИСТИНА;ЛОЖЬ;ЛОЖЬ;ЛОЖЬ;0,013409945;1
Delon2011;0;15.12.2018;delon2011;ЛОЖЬ;ЛОЖЬ;ЛОЖЬ;ЛОЖЬ;ЛОЖЬ;0,016632216;1
CHENET;7;15.12.2018;chenet;ЛОЖЬ;ЛОЖЬ;ЛОЖЬ;ЛОЖЬ;ЛОЖЬ;0,004896553;1
САПЕРАВИ СОЛНЕЧНАЯ ДОЛИНА;0;15.12.2018;саперави солнечная долина;ЛОЖЬ;ЛОЖЬ;ЛОЖЬ;ЛОЖЬ;ЛОЖЬ;0,00455627;1
2017 Boira Pinot Grigio;1;15.12.2018;2017 boira pinot grigio;ЛОЖЬ;ЛОЖЬ;ЛОЖЬ;ЛОЖЬ;ЛОЖЬ;0,023792867;1
Mildiani;13;15.12.2018;mildiani;ЛОЖЬ;ЛОЖЬ;ЛОЖЬ;ЛОЖЬ;ЛОЖЬ;0,000780286;1
Аква натия;2;15.12.2018;аква натия;ЛОЖЬ;ЛОЖЬ;ЛОЖЬ;ЛОЖЬ;ЛОЖЬ;0,009647556;1
массандра;45;15.12.2018;массандра;ЛОЖЬ;ЛОЖЬ;ЛОЖЬ;ЛОЖЬ;ЛОЖЬ;0,024348055;1
Славянка;2;15.12.2018;славянка;ЛОЖЬ;ЛОЖЬ;ЛОЖЬ;ЛОЖЬ;ЛОЖЬ;0,010305278;1
Текила дон алихандро;0;15.12.2018;текила дон алехандро;ИСТИНА;ЛОЖЬ;ЛОЖЬ;ЛОЖЬ;ИСТИНА;0,027243891;1
Мальвазия;4;15.12.2018;malvasia;ИСТИНА;ИСТИНА;ЛОЖЬ;ЛОЖЬ;ЛОЖЬ;0,028308651;1
Metaxa;17;15.12.2018;metaxa;ЛОЖЬ;ЛОЖЬ;ЛОЖЬ;ЛОЖЬ;ЛОЖЬ;0,004355211;1
водка;45;15.12.2018;водка;ЛОЖЬ;ЛОЖЬ;ЛОЖЬ;ЛОЖЬ;ЛОЖЬ;0,02014133;1
Herisson;0;14.12.2018;herisson;ЛОЖЬ;ЛОЖЬ;ЛОЖЬ;ЛОЖЬ;ЛОЖЬ;0,01197607;1
savignon blank;0;14.12.2018;savignon blank;ЛОЖЬ;ЛОЖЬ;ЛОЖЬ;ЛОЖЬ;ЛОЖЬ;0,01904387;1
Brut Rose;45;14.12.2018;brut rose;ЛОЖЬ;ЛОЖЬ;ЛОЖЬ;ЛОЖЬ;ЛОЖЬ;0,013305761;1
Жигулевское;13;14.12.2018;жигулевское;ЛОЖЬ;ЛОЖЬ;ЛОЖЬ;ЛОЖЬ;ЛОЖЬ;0,007383315;1
Миниатюры;0;14.12.2018;миниатюры;ЛОЖЬ;ЛОЖЬ;ЛОЖЬ;ЛОЖЬ;ЛОЖЬ;0,002818144;1
spumante;45;14.12.2018;spumante;ЛОЖЬ;ЛОЖЬ;ЛОЖЬ;ЛОЖЬ;ЛОЖЬ;0,023119579;1
Mint’s;1;14.12.2018;mint’ s;ЛОЖЬ;ЛОЖЬ;ЛОЖЬ;ЛОЖЬ;ЛОЖЬ;0,024393933;1
ламбруско;19;14.12.2018;lambrusco;ИСТИНА;ИСТИНА;ЛОЖЬ;ЛОЖЬ;ЛОЖЬ;0,01159869;1
J.p;21;14.12.2018;j.p;ЛОЖЬ;ЛОЖЬ;ЛОЖЬ;ЛОЖЬ;ЛОЖЬ;0,019849237;1
Херес;45;14.12.2018;херес;ЛОЖЬ;ЛОЖЬ;ЛОЖЬ;ЛОЖЬ;ЛОЖЬ;0,000445349;1
Херес;45;14.12.2018;херес;ЛОЖЬ;ЛОЖЬ;ЛОЖЬ;ЛОЖЬ;ЛОЖЬ;0,007766483;1
Macallan;22;14.12.2018;macallan;ЛОЖЬ;ЛОЖЬ;ЛОЖЬ;ЛОЖЬ;ЛОЖЬ;0,018330344;1
Feist Extra Dry White;1;14.12.2018;feist extra dry white;ЛОЖЬ;ЛОЖЬ;ЛОЖЬ;ЛОЖЬ;ЛОЖЬ;0,014062837;1
москато;0;14.12.2018;moscato;ИСТИНА;ИСТИНА;ЛОЖЬ;ЛОЖЬ;ЛОЖЬ;0,022381989;1
онегин;8;14.12.2018;онегин;ЛОЖЬ;ЛОЖЬ;ЛОЖЬ;ЛОЖЬ;ЛОЖЬ;0,010393747;1
LD28999;1;14.12.2018;ld28999;ЛОЖЬ;ЛОЖЬ;ЛОЖЬ;ЛОЖЬ;ЛОЖЬ;0,016424528;1
спуманте;33;14.12.2018;spumante;ИСТИНА;ИСТИНА;ЛОЖЬ;ЛОЖЬ;ЛОЖЬ;0,019120978;1
st19181;1;14.12.2018;st19181;ЛОЖЬ;ЛОЖЬ;ЛОЖЬ;ЛОЖЬ;ЛОЖЬ;0,014886878;1
белуга;41;14.12.2018;белуга;ЛОЖЬ;ЛОЖЬ;ЛОЖЬ;ЛОЖЬ;ЛОЖЬ;0,018936974;1
Chateau La Couspaude Saint-Emilion Grand Cru AOC;2;14.12.2018;chateau la couspaude saint-emilion grand cru aoc;ЛОЖЬ;ЛОЖЬ;ЛОЖЬ;ЛОЖЬ;ЛОЖЬ;0,018285464;1
казумян;5;14.12.2018;казумян;ЛОЖЬ;ЛОЖЬ;ЛОЖЬ;ЛОЖЬ;ЛОЖЬ;0,009492385;1
Шампанское;0;14.12.2018;шампанское;ЛОЖЬ;ЛОЖЬ;ЛОЖЬ;ЛОЖЬ;ЛОЖЬ;0,016056726;1
Шампанское;0;14.12.2018;шампанское;ЛОЖЬ;ЛОЖЬ;ЛОЖЬ;ЛОЖЬ;ЛОЖЬ;0,028542251;1
Шампанское;45;14.12.2018;шампанское;ЛОЖЬ;ЛОЖЬ;ЛОЖЬ;ЛОЖЬ;ЛОЖЬ;0,003685612;1
NV PALAZZO NOBILE PROSECCO EXTRA DRY;0;14.12.2018;nv palazzo nobile prosecco extra dry;ЛОЖЬ;ЛОЖЬ;ЛОЖЬ;ЛОЖЬ;ЛОЖЬ;0,005713063;1
Salgetino;2;14.12.2018;salgetino;ЛОЖЬ;ЛОЖЬ;ЛОЖЬ;ЛОЖЬ;ЛОЖЬ;0,000130255;1
caroline bay;2;14.12.2018;caroline bay;ЛОЖЬ;ЛОЖЬ;ЛОЖЬ;ЛОЖЬ;ЛОЖЬ;0,013859859;1
meursault;45;14.12.2018;meursault;ЛОЖЬ;ЛОЖЬ;ЛОЖЬ;ЛОЖЬ;ЛОЖЬ;0,012105741;1
Daiginjo;14;14.12.2018;daiginjo;ЛОЖЬ;ЛОЖЬ;ЛОЖЬ;ЛОЖЬ;ЛОЖЬ;0,004715804;1
пять озер;12;14.12.2018;пять озер;ЛОЖЬ;ЛОЖЬ;ЛОЖЬ;ЛОЖЬ;ЛОЖЬ;0,021372369;1
Pilsner;16;14.12.2018;pilsner;ЛОЖЬ;ЛОЖЬ;ЛОЖЬ;ЛОЖЬ;ЛОЖЬ;0,02117879;1
Prosecco Millesimato Extra Dry Multicolor;0;14.12.2018;prosecco millesimato extra dry multicolor;ЛОЖЬ;ЛОЖЬ;ЛОЖЬ;ЛОЖЬ;ЛОЖЬ;0,005882057;1
джим бим;24;14.12.2018;джим бим;ЛОЖЬ;ЛОЖЬ;ЛОЖЬ;ЛОЖЬ;ЛОЖЬ;0,022944539;1
Sarmientos Tarapaca Chardonnay;1;14.12.2018;sarmientos tarapaca chardonnay;ЛОЖЬ;ЛОЖЬ;ЛОЖЬ;ЛОЖЬ;ЛОЖЬ;0,022344388;1
ла джойоза;11;13.12.2018;ла джойоза;ЛОЖЬ;ЛОЖЬ;ЛОЖЬ;ЛОЖЬ;ЛОЖЬ;0,01697795;1
st20247;1;13.12.2018;st20247;ЛОЖЬ;ЛОЖЬ;ЛОЖЬ;ЛОЖЬ;ЛОЖЬ;0,025391768;1
херес;35;13.12.2018;херес;ЛОЖЬ;ЛОЖЬ;ЛОЖЬ;ЛОЖЬ;ЛОЖЬ;0,010391092;1
glenfiddich;23;13.12.2018;glenfiddich;ЛОЖЬ;ЛОЖЬ;ЛОЖЬ;ЛОЖЬ;ЛОЖЬ;0,024002895;1
Муазон;4;13.12.2018;муазон;ЛОЖЬ;ЛОЖЬ;ЛОЖЬ;ЛОЖЬ;ЛОЖЬ;0,015305901;1
macallan;45;13.12.2018;macallan;ЛОЖЬ;ЛОЖЬ;ЛОЖЬ;ЛОЖЬ;ЛОЖЬ;0,00661557;1
amarone di valpolicella;9;13.12.2018;amarone di valpolicella;ЛОЖЬ;ЛОЖЬ;ЛОЖЬ;ЛОЖЬ;ЛОЖЬ;0,007018494;1
365 Pomegranate Gevorkian Winery;0;13.12.2018;365 pomegranate gevorkian winery;ЛОЖЬ;ЛОЖЬ;ЛОЖЬ;ЛОЖЬ;ЛОЖЬ;0,005869943;1
Moet;35;13.12.2018;moet;ЛОЖЬ;ЛОЖЬ;ЛОЖЬ;ЛОЖЬ;ЛОЖЬ;0,027202962;1
Виски;45;13.12.2018;виски;ЛОЖЬ;ЛОЖЬ;ЛОЖЬ;ЛОЖЬ;ЛОЖЬ;0,006628711;1
хванчкара;31;13.12.2018;хванчкара;ЛОЖЬ;ЛОЖЬ;ЛОЖЬ;ЛОЖЬ;ЛОЖЬ;0,010866378;1
хванчкара;31;13.12.2018;хванчкара;ЛОЖЬ;ЛОЖЬ;ЛОЖЬ;ЛОЖЬ;ЛОЖЬ;0,010172076;1
Akvadiv Hutorskaya;3;13.12.2018;akvadiv hutorskaya;ЛОЖЬ;ЛОЖЬ;ЛОЖЬ;ЛОЖЬ;ЛОЖЬ;0,01137785;1
Les Pagodes de Cos;3;13.12.2018;les pagodes de cos;ЛОЖЬ;ЛОЖЬ;ЛОЖЬ;ЛОЖЬ;ЛОЖЬ;0,021311158;1
хеннесси;38;13.12.2018;hennessy;ИСТИНА;ИСТИНА;ЛОЖЬ;ЛОЖЬ;ЛОЖЬ;0,004814648;1
Syabry;9;13.12.2018;syabry;ЛОЖЬ;ЛОЖЬ;ЛОЖЬ;ЛОЖЬ;ЛОЖЬ;0,022000726;1
вино мускат красного камня;0;13.12.2018;вино мускат красного камня;ЛОЖЬ;ЛОЖЬ;ЛОЖЬ;ЛОЖЬ;ЛОЖЬ;0,013471784;1
Кава;45;13.12.2018;cava;ИСТИНА;ИСТИНА;ЛОЖЬ;ЛОЖЬ;ЛОЖЬ;0,023880396;1
lenz moser;6;13.12.2018;lenz moser;ЛОЖЬ;ЛОЖЬ;ЛОЖЬ;ЛОЖЬ;ЛОЖЬ;0,012208113;1
набор;45;13.12.2018;набор;ЛОЖЬ;ЛОЖЬ;ЛОЖЬ;ЛОЖЬ;ЛОЖЬ;0,021752613;1
Creman;45;13.12.2018;creman;ЛОЖЬ;ЛОЖЬ;ЛОЖЬ;ЛОЖЬ;ЛОЖЬ;0,019157591;1
ликер;45;13.12.2018;ликер;ЛОЖЬ;ЛОЖЬ;ЛОЖЬ;ЛОЖЬ;ЛОЖЬ;0,022396858;1
ликер;24;13.12.2018;ликер;ЛОЖЬ;ЛОЖЬ;ЛОЖЬ;ЛОЖЬ;ЛОЖЬ;0,02715292;1
Саранск;16;13.12.2018;саранск;ЛОЖЬ;ЛОЖЬ;ЛОЖЬ;ЛОЖЬ;ЛОЖЬ;0,016355187;1
Anna de Codorniu;3;13.12.2018;anna de codorniu;ЛОЖЬ;ЛОЖЬ;ЛОЖЬ;ЛОЖЬ;ЛОЖЬ;0,018061056;1
Нефть водка;0;13.12.2018;нефть водка;ЛОЖЬ;ЛОЖЬ;ЛОЖЬ;ЛОЖЬ;ЛОЖЬ;0,019377515;1
Портвейн alegre;0;13.12.2018;портвейн alegre;ЛОЖЬ;ЛОЖЬ;ЛОЖЬ;ЛОЖЬ;ЛОЖЬ;0,017726125;1
Фанагория;38;13.12.2018;fanagoria;ИСТИНА;ИСТИНА;ЛОЖЬ;ЛОЖЬ;ЛОЖЬ;0,000417334;1
Коктебель;42;13.12.2018;коктебель;ЛОЖЬ;ЛОЖЬ;ЛОЖЬ;ЛОЖЬ;ЛОЖЬ;0,003091652;1
ribera del duero;45;13.12.2018;ribera del duero;ЛОЖЬ;ЛОЖЬ;ЛОЖЬ;ЛОЖЬ;ЛОЖЬ;0,006891408;1
самбука;34;13.12.2018;sambuca;ИСТИНА;ИСТИНА;ЛОЖЬ;ЛОЖЬ;ЛОЖЬ;0,000729149;1
 Santa Muerte;2;13.12.2018;santa muerte;ЛОЖЬ;ЛОЖЬ;ЛОЖЬ;ЛОЖЬ;ЛОЖЬ;0,026313372;1
Port Charlotte;1;13.12.2018;port charlotte;ЛОЖЬ;ЛОЖЬ;ЛОЖЬ;ЛОЖЬ;ЛОЖЬ;0,005848702;1
Кремлевский;7;13.12.2018;кремлевский;ЛОЖЬ;ЛОЖЬ;ЛОЖЬ;ЛОЖЬ;ЛОЖЬ;0,025764738;1
Кремлевский;7;13.12.2018;кремлевский;ЛОЖЬ;ЛОЖЬ;ЛОЖЬ;ЛОЖЬ;ЛОЖЬ;0,00099461;1
Бахчисарай;12;13.12.2018;бахчисарай;ЛОЖЬ;ЛОЖЬ;ЛОЖЬ;ЛОЖЬ;ЛОЖЬ;0,017624156;1
La Gioia;10;13.12.2018;la gioia;ЛОЖЬ;ЛОЖЬ;ЛОЖЬ;ЛОЖЬ;ЛОЖЬ;0,011782833;1
Jaume Serra;14;13.12.2018;jaume serra;ЛОЖЬ;ЛОЖЬ;ЛОЖЬ;ЛОЖЬ;ЛОЖЬ;0,021952376;1
Puni;5;13.12.2018;puni;ЛОЖЬ;ЛОЖЬ;ЛОЖЬ;ЛОЖЬ;ЛОЖЬ;0,022085857;1
ballantines;0;13.12.2018;ballantine s;ИСТИНА;ЛОЖЬ;ЛОЖЬ;ИСТИНА;ЛОЖЬ;0,005319533;1
1968;16;13.12.2018;1968;ЛОЖЬ;ЛОЖЬ;ЛОЖЬ;ЛОЖЬ;ЛОЖЬ;0,020586553;1
Riesling;45;13.12.2018;riesling;ЛОЖЬ;ЛОЖЬ;ЛОЖЬ;ЛОЖЬ;ЛОЖЬ;0,010300587;1
абрау;24;12.12.2018;абрау;ЛОЖЬ;ЛОЖЬ;ЛОЖЬ;ЛОЖЬ;ЛОЖЬ;0,018805815;1
 Elegance Grande Champagne;3;12.12.2018;elegance grande champagne;ЛОЖЬ;ЛОЖЬ;ЛОЖЬ;ЛОЖЬ;ЛОЖЬ;0,010353536;1
мачомэн;3;12.12.2018;мачомэн;ЛОЖЬ;ЛОЖЬ;ЛОЖЬ;ЛОЖЬ;ЛОЖЬ;0,027355124;1
Альминская долина Каберне Совиньон;3;12.12.2018;альминская долина каберне совиньон;ЛОЖЬ;ЛОЖЬ;ЛОЖЬ;ЛОЖЬ;ЛОЖЬ;0,007106573;1
primocolle;0;12.12.2018;primocolle;ЛОЖЬ;ЛОЖЬ;ЛОЖЬ;ЛОЖЬ;ЛОЖЬ;0,02146914;1
Glenmorangie Original 10 лет;0;12.12.2018;glenmorangie original 10 лет;ЛОЖЬ;ЛОЖЬ;ЛОЖЬ;ЛОЖЬ;ЛОЖЬ;0,011130253;1
 Россо ди Монтальчино 2015 Паченти;0;12.12.2018;россо ди монтальчино 2015 паченти;ЛОЖЬ;ЛОЖЬ;ЛОЖЬ;ЛОЖЬ;ЛОЖЬ;0,01681945;1
 Россо ди Монтальчино 2015 Паченти;0;12.12.2018;россо ди монтальчино 2015 паченти;ЛОЖЬ;ЛОЖЬ;ЛОЖЬ;ЛОЖЬ;ЛОЖЬ;0,019059548;1
шираз;45;12.12.2018;shiraz;ИСТИНА;ИСТИНА;ЛОЖЬ;ЛОЖЬ;ЛОЖЬ;0,022582241;1
шираз;45;12.12.2018;shiraz;ИСТИНА;ИСТИНА;ЛОЖЬ;ЛОЖЬ;ЛОЖЬ;0,020622911;1
шираз;45;12.12.2018;shiraz;ИСТИНА;ИСТИНА;ЛОЖЬ;ЛОЖЬ;ЛОЖЬ;0,025070677;1
эксп8379;1;12.12.2018;эксп8379;ЛОЖЬ;ЛОЖЬ;ЛОЖЬ;ЛОЖЬ;ЛОЖЬ;0,026237614;1
блю кюрасао;15;12.12.2018;блю кюрасао;ЛОЖЬ;ЛОЖЬ;ЛОЖЬ;ЛОЖЬ;ЛОЖЬ;0,023971464;1
NOY Araspel;2;12.12.2018;noy araspel;ЛОЖЬ;ЛОЖЬ;ЛОЖЬ;ЛОЖЬ;ЛОЖЬ;0,015069651;1
Курвуазье ВСОП;5;12.12.2018;курвуазье всоп;ЛОЖЬ;ЛОЖЬ;ЛОЖЬ;ЛОЖЬ;ЛОЖЬ;0,01256278;1
коктебель;42;12.12.2018;коктебель;ЛОЖЬ;ЛОЖЬ;ЛОЖЬ;ЛОЖЬ;ЛОЖЬ;0,019647483;1
